"","year","month","spei"
"1",1901,1,NA
"2",1901,2,NA
"3",1901,3,NA
"4",1901,4,NA
"5",1901,5,NA
"6",1901,6,NA
"7",1901,7,NA
"8",1901,8,NA
"9",1901,9,NA
"10",1901,10,NA
"11",1901,11,NA
"12",1901,12,0.705644965171814
"13",1902,1,0.278625756502151
"14",1902,2,-0.0715193971991539
"15",1902,3,-0.101850382983685
"16",1902,4,-0.0538054890930653
"17",1902,5,0.309805124998093
"18",1902,6,0.131512969732285
"19",1902,7,0.00516755459830165
"20",1902,8,-0.207053512334824
"21",1902,9,-0.247732415795326
"22",1902,10,-0.740779101848602
"23",1902,11,-0.703771233558655
"24",1902,12,-0.173487961292267
"25",1903,1,0.0422904565930367
"26",1903,2,-0.230955019593239
"27",1903,3,-0.31924495100975
"28",1903,4,-0.051857266575098
"29",1903,5,-0.238448262214661
"30",1903,6,-0.106867156922817
"31",1903,7,-0.175146371126175
"32",1903,8,-0.45842632651329
"33",1903,9,-0.390827536582947
"34",1903,10,-0.12988592684269
"35",1903,11,-0.162955418229103
"36",1903,12,-0.838778555393219
"37",1904,1,-0.979786932468414
"38",1904,2,-0.696508824825287
"39",1904,3,-0.628156423568726
"40",1904,4,-0.987919867038727
"41",1904,5,-1.12755954265594
"42",1904,6,-1.34458649158478
"43",1904,7,-1.45680558681488
"44",1904,8,-1.45560991764069
"45",1904,9,-1.08231890201569
"46",1904,10,-1.23808205127716
"47",1904,11,-0.877141535282135
"48",1904,12,-0.945218861103058
"49",1905,1,-0.686545014381409
"50",1905,2,-0.697529792785645
"51",1905,3,-0.624277532100677
"52",1905,4,-0.394953399896622
"53",1905,5,-0.147618412971497
"54",1905,6,0.0758139789104462
"55",1905,7,0.240837395191193
"56",1905,8,0.00622400688007474
"57",1905,9,-0.516318380832672
"58",1905,10,0.227889209985733
"59",1905,11,-0.241052493453026
"60",1905,12,-0.207050397992134
"61",1906,1,-0.164516270160675
"62",1906,2,-0.0902287140488625
"63",1906,3,-0.224606350064278
"64",1906,4,-0.495833963155746
"65",1906,5,-0.472536504268646
"66",1906,6,-0.388463616371155
"67",1906,7,-0.407083034515381
"68",1906,8,-0.0956676974892616
"69",1906,9,0.114033348858356
"70",1906,10,-0.260381370782852
"71",1906,11,-0.143693774938583
"72",1906,12,0.124162413179874
"73",1907,1,0.0110912518575788
"74",1907,2,-0.0393415726721287
"75",1907,3,0.227074474096298
"76",1907,4,0.441175043582916
"77",1907,5,-0.0458183400332928
"78",1907,6,0.0748350545763969
"79",1907,7,-0.063433937728405
"80",1907,8,-0.295859843492508
"81",1907,9,-0.498546302318573
"82",1907,10,-1.01380717754364
"83",1907,11,-0.818186819553375
"84",1907,12,-1.16160595417023
"85",1908,1,-1.19400656223297
"86",1908,2,-1.20854163169861
"87",1908,3,-1.29367768764496
"88",1908,4,-1.29611098766327
"89",1908,5,-1.28730750083923
"90",1908,6,-1.39811420440674
"91",1908,7,-1.38838171958923
"92",1908,8,-1.32971560955048
"93",1908,9,-1.19503831863403
"94",1908,10,-0.802748560905457
"95",1908,11,-0.388929843902588
"96",1908,12,-0.214391499757767
"97",1909,1,-0.187577858567238
"98",1909,2,-0.0985493883490562
"99",1909,3,0.327332139015198
"100",1909,4,0.153889700770378
"101",1909,5,0.467602401971817
"102",1909,6,0.315381228923798
"103",1909,7,0.221778184175491
"104",1909,8,0.203858852386475
"105",1909,9,0.534963190555573
"106",1909,10,0.544183492660522
"107",1909,11,0.403256922960281
"108",1909,12,0.30686429142952
"109",1910,1,0.564932107925415
"110",1910,2,0.526099443435669
"111",1910,3,-0.0729191824793816
"112",1910,4,0.0929667726159096
"113",1910,5,-0.0260606687515974
"114",1910,6,0.142238661646843
"115",1910,7,0.217763096094131
"116",1910,8,0.217467054724693
"117",1910,9,-0.145930573344231
"118",1910,10,0.273713499307632
"119",1910,11,-0.0455116927623749
"120",1910,12,-0.235363066196442
"121",1911,1,-0.458559960126877
"122",1911,2,-0.519523739814758
"123",1911,3,-0.338132441043854
"124",1911,4,-0.357279509305954
"125",1911,5,-0.29753565788269
"126",1911,6,-0.393337398767471
"127",1911,7,-0.458129525184631
"128",1911,8,-0.428629070520401
"129",1911,9,-0.0308572463691235
"130",1911,10,-0.629262447357178
"131",1911,11,-0.803613603115082
"132",1911,12,-0.37141340970993
"133",1912,1,-0.215886726975441
"134",1912,2,-0.295693457126617
"135",1912,3,-0.237572133541107
"136",1912,4,-0.133719772100449
"137",1912,5,0.0637026503682137
"138",1912,6,-0.0419422909617424
"139",1912,7,0.132266029715538
"140",1912,8,0.164076298475266
"141",1912,9,0.377474635839462
"142",1912,10,0.693500280380249
"143",1912,11,1.43405497074127
"144",1912,12,1.11021447181702
"145",1913,1,1.03027009963989
"146",1913,2,0.995282530784607
"147",1913,3,0.666305601596832
"148",1913,4,0.476586133241653
"149",1913,5,0.69487065076828
"150",1913,6,0.809928894042969
"151",1913,7,0.782389998435974
"152",1913,8,0.834600687026978
"153",1913,9,0.645684361457825
"154",1913,10,0.300530344247818
"155",1913,11,-0.439393073320389
"156",1913,12,-0.251087307929993
"157",1914,1,0.107574932277203
"158",1914,2,0.00415240507572889
"159",1914,3,0.237836241722107
"160",1914,4,0.220300018787384
"161",1914,5,0.03808468952775
"162",1914,6,0.359360635280609
"163",1914,7,0.469330161809921
"164",1914,8,0.388762772083282
"165",1914,9,0.141172409057617
"166",1914,10,0.818663239479065
"167",1914,11,0.901922047138214
"168",1914,12,0.791609644889832
"169",1915,1,0.518397927284241
"170",1915,2,0.577612638473511
"171",1915,3,0.799310505390167
"172",1915,4,0.932384848594666
"173",1915,5,1.1769278049469
"174",1915,6,0.897522389888763
"175",1915,7,0.881518423557281
"176",1915,8,1.0644154548645
"177",1915,9,0.913795173168182
"178",1915,10,1.04863464832306
"179",1915,11,1.16436815261841
"180",1915,12,1.07453143596649
"181",1916,1,0.764895021915436
"182",1916,2,0.957837045192719
"183",1916,3,0.568623304367065
"184",1916,4,0.592536807060242
"185",1916,5,0.439164102077484
"186",1916,6,0.0797287747263908
"187",1916,7,-0.0624255053699017
"188",1916,8,-0.174169078469276
"189",1916,9,0.0848113223910332
"190",1916,10,-0.372010976076126
"191",1916,11,-0.539859592914581
"192",1916,12,-0.448488891124725
"193",1917,1,0.228786319494247
"194",1917,2,0.306609570980072
"195",1917,3,0.811678886413574
"196",1917,4,0.88656222820282
"197",1917,5,0.640091300010681
"198",1917,6,1.1213653087616
"199",1917,7,0.966940343379974
"200",1917,8,0.769758522510529
"201",1917,9,0.303789049386978
"202",1917,10,0.238861829042435
"203",1917,11,0.421521127223969
"204",1917,12,0.438655227422714
"205",1918,1,-0.0828385129570961
"206",1918,2,-0.23304308950901
"207",1918,3,-0.702464520931244
"208",1918,4,-1.04790687561035
"209",1918,5,-1.14926397800446
"210",1918,6,-1.40710306167603
"211",1918,7,-1.15079772472382
"212",1918,8,-1.01841080188751
"213",1918,9,-1.01793706417084
"214",1918,10,-0.347177714109421
"215",1918,11,0.165194988250732
"216",1918,12,0.465481042861938
"217",1919,1,0.934098362922668
"218",1919,2,1.17194271087646
"219",1919,3,1.28998899459839
"220",1919,4,1.40630197525024
"221",1919,5,1.9169487953186
"222",1919,6,2.04708242416382
"223",1919,7,2.10905575752258
"224",1919,8,2.30227708816528
"225",1919,9,2.25074124336243
"226",1919,10,2.25240063667297
"227",1919,11,1.90984797477722
"228",1919,12,1.92999720573425
"229",1920,1,1.7137039899826
"230",1920,2,1.4758688211441
"231",1920,3,1.35825181007385
"232",1920,4,1.41580045223236
"233",1920,5,1.16486716270447
"234",1920,6,1.21124660968781
"235",1920,7,1.14586246013641
"236",1920,8,0.944809198379517
"237",1920,9,1.15667068958282
"238",1920,10,0.795725166797638
"239",1920,11,0.931854724884033
"240",1920,12,0.762843370437622
"241",1921,1,0.654746055603027
"242",1921,2,0.745864510536194
"243",1921,3,0.324429273605347
"244",1921,4,0.204933702945709
"245",1921,5,0.0232933238148689
"246",1921,6,-0.145245507359505
"247",1921,7,-0.337899535894394
"248",1921,8,-0.448510497808456
"249",1921,9,-0.379758059978485
"250",1921,10,-1.02362036705017
"251",1921,11,-0.952720105648041
"252",1921,12,-0.335893839597702
"253",1922,1,-0.0212114565074444
"254",1922,2,-0.273765742778778
"255",1922,3,-0.282420486211777
"256",1922,4,-0.181468203663826
"257",1922,5,0.0951914712786674
"258",1922,6,0.131512984633446
"259",1922,7,-0.0674666911363602
"260",1922,8,0.0709568485617638
"261",1922,9,-0.024616401642561
"262",1922,10,0.843310713768005
"263",1922,11,0.977528691291809
"264",1922,12,0.351416736841202
"265",1923,1,0.445816934108734
"266",1923,2,0.893866419792175
"267",1923,3,1.26224517822266
"268",1923,4,1.32246327400208
"269",1923,5,1.00160419940948
"270",1923,6,1.12539422512054
"271",1923,7,1.51648044586182
"272",1923,8,1.49115383625031
"273",1923,9,1.37508988380432
"274",1923,10,0.497806131839752
"275",1923,11,-0.388929903507233
"276",1923,12,-0.00381925096735358
"277",1924,1,-0.371965914964676
"278",1924,2,-0.639176249504089
"279",1924,3,-0.84692257642746
"280",1924,4,-1.0294600725174
"281",1924,5,-1.22736299037933
"282",1924,6,-1.28783071041107
"283",1924,7,-1.55872964859009
"284",1924,8,-1.02707386016846
"285",1924,9,-0.991496860980988
"286",1924,10,-0.303348362445831
"287",1924,11,0.628540694713593
"288",1924,12,0.185109481215477
"289",1925,1,-0.0347752273082733
"290",1925,2,-0.126653999090195
"291",1925,3,0.106988929212093
"292",1925,4,0.155819550156593
"293",1925,5,0.683963119983673
"294",1925,6,0.891513168811798
"295",1925,7,1.07714903354645
"296",1925,8,0.533794045448303
"297",1925,9,1.09357297420502
"298",1925,10,0.573963224887848
"299",1925,11,0.169172182679176
"300",1925,12,0.788834989070892
"301",1926,1,1.33936369419098
"302",1926,2,1.19893062114716
"303",1926,3,1.10508573055267
"304",1926,4,0.89764279127121
"305",1926,5,0.66755622625351
"306",1926,6,0.186026200652122
"307",1926,7,0.203703656792641
"308",1926,8,0.288603395223618
"309",1926,9,-0.330245614051819
"310",1926,10,-0.335239112377167
"311",1926,11,-0.82303786277771
"312",1926,12,-1.10028803348541
"313",1927,1,-1.27618980407715
"314",1927,2,-1.03446042537689
"315",1927,3,-1.40901970863342
"316",1927,4,-0.902903497219086
"317",1927,5,-0.899277150630951
"318",1927,6,-0.931112349033356
"319",1927,7,-1.11321556568146
"320",1927,8,-1.16928458213806
"321",1927,9,-1.06243598461151
"322",1927,10,-0.669528424739838
"323",1927,11,-0.220766097307205
"324",1927,12,-0.0896125137805939
"325",1928,1,-0.141462624073029
"326",1928,2,-0.0331204570829868
"327",1928,3,0.271994203329086
"328",1928,4,0.164500787854195
"329",1928,5,0.289498955011368
"330",1928,6,0.453136056661606
"331",1928,7,0.151402741670609
"332",1928,8,0.0343943275511265
"333",1928,9,-0.0100479423999786
"334",1928,10,-0.287374794483185
"335",1928,11,0.177121266722679
"336",1928,12,0.0399988703429699
"337",1929,1,0.370278388261795
"338",1929,2,0.37120133638382
"339",1929,3,0.340865105390549
"340",1929,4,0.433696031570435
"341",1929,5,0.0725638866424561
"342",1929,6,-0.0822682306170464
"343",1929,7,0.00718595460057259
"344",1929,8,-0.0239915996789932
"345",1929,9,0.121339842677116
"346",1929,10,0.682224571704865
"347",1929,11,0.19894552230835
"348",1929,12,0.67057478427887
"349",1930,1,-0.0483480356633663
"350",1930,2,-0.231999218463898
"351",1930,3,-0.49633115530014
"352",1930,4,-0.800938725471497
"353",1930,5,-0.243378013372421
"354",1930,6,-0.236699685454369
"355",1930,7,-0.0392292775213718
"356",1930,8,-0.0873750448226929
"357",1930,9,0.225687444210052
"358",1930,10,-0.0926394388079643
"359",1930,11,-0.314047276973724
"360",1930,12,-0.431854724884033
"361",1931,1,0.0142142279073596
"362",1931,2,0.353383243083954
"363",1931,3,0.643443405628204
"364",1931,4,0.902746558189392
"365",1931,5,0.522230744361877
"366",1931,6,0.885494589805603
"367",1931,7,0.778646409511566
"368",1931,8,0.703307449817657
"369",1931,9,0.710990846157074
"370",1931,10,0.836933434009552
"371",1931,11,1.26631772518158
"372",1931,12,1.01418352127075
"373",1932,1,0.817933857440948
"374",1932,2,0.736752569675446
"375",1932,3,0.686332046985626
"376",1932,4,0.334796041250229
"377",1932,5,0.318493813276291
"378",1932,6,0.149059802293777
"379",1932,7,0.0354442782700062
"380",1932,8,0.115928918123245
"381",1932,9,-0.358578264713287
"382",1932,10,-0.85938435792923
"383",1932,11,-1.11310732364655
"384",1932,12,-1.66322231292725
"385",1933,1,-1.33876204490662
"386",1933,2,-1.20380365848541
"387",1933,3,-1.25135397911072
"388",1933,4,-1.0837174654007
"389",1933,5,-0.50355076789856
"390",1933,6,-0.408921957015991
"391",1933,7,0.196670278906822
"392",1933,8,0.618942141532898
"393",1933,9,0.830928862094879
"394",1933,10,1.1113988161087
"395",1933,11,1.11889541149139
"396",1933,12,1.68623769283295
"397",1934,1,1.54033207893372
"398",1934,2,1.27760279178619
"399",1934,3,0.874687850475311
"400",1934,4,0.367908358573914
"401",1934,5,-0.40242475271225
"402",1934,6,-0.84146124124527
"403",1934,7,-1.1694483757019
"404",1934,8,-1.42085874080658
"405",1934,9,-1.35739028453827
"406",1934,10,-1.20156347751617
"407",1934,11,-1.07227265834808
"408",1934,12,-1.65233957767487
"409",1935,1,-1.39690852165222
"410",1935,2,-1.21895027160645
"411",1935,3,-0.746508896350861
"412",1935,4,-0.205816358327866
"413",1935,5,-0.193058639764786
"414",1935,6,0.137364357709885
"415",1935,7,-0.111799232661724
"416",1935,8,-0.216282188892365
"417",1935,9,-0.431932181119919
"418",1935,10,-0.713330984115601
"419",1935,11,-0.475639820098877
"420",1935,12,0.120018661022186
"421",1936,1,-0.557111263275146
"422",1936,2,-0.400017112493515
"423",1936,3,-0.435238033533096
"424",1936,4,-0.56350302696228
"425",1936,5,-0.140700906515121
"426",1936,6,0.220941290259361
"427",1936,7,0.375530898571014
"428",1936,8,0.789775550365448
"429",1936,9,0.884685099124908
"430",1936,10,1.3297598361969
"431",1936,11,1.12050247192383
"432",1936,12,0.651502251625061
"433",1937,1,1.08025300502777
"434",1937,2,0.909541428089142
"435",1937,3,0.638857662677765
"436",1937,4,1.06089055538177
"437",1937,5,0.780339419841766
"438",1937,6,0.0268147550523281
"439",1937,7,-0.039229229092598
"440",1937,8,-0.212181553244591
"441",1937,9,-0.208768427371979
"442",1937,10,0.0211859606206417
"443",1937,11,0.615627229213715
"444",1937,12,1.16217136383057
"445",1938,1,0.923534572124481
"446",1938,2,0.9034543633461
"447",1938,3,1.02357172966003
"448",1938,4,0.774944067001343
"449",1938,5,0.919736981391907
"450",1938,6,0.787956237792969
"451",1938,7,0.763645827770233
"452",1938,8,0.465612411499023
"453",1938,9,0.667852222919464
"454",1938,10,0.294576436281204
"455",1938,11,-0.512803673744202
"456",1938,12,-0.242701560258865
"457",1939,1,-0.169756948947906
"458",1939,2,-0.319705307483673
"459",1939,3,0.289509683847427
"460",1939,4,-0.10545352846384
"461",1939,5,-0.254219561815262
"462",1939,6,0.554827511310577
"463",1939,7,0.462451785802841
"464",1939,8,0.875174582004547
"465",1939,9,0.756847679615021
"466",1939,10,0.787440001964569
"467",1939,11,1.06702446937561
"468",1939,12,0.849433124065399
"469",1940,1,1.0140061378479
"470",1940,2,1.14228188991547
"471",1940,3,0.924706518650055
"472",1940,4,1.53659152984619
"473",1940,5,1.8259916305542
"474",1940,6,1.7852041721344
"475",1940,7,2.06656503677368
"476",1940,8,2.0860288143158
"477",1940,9,2.17741346359253
"478",1940,10,1.97806322574615
"479",1940,11,2.02667045593262
"480",1940,12,2.33697772026062
"481",1941,1,2.18710947036743
"482",1941,2,2.20064783096313
"483",1941,3,1.83015930652618
"484",1941,4,1.4592524766922
"485",1941,5,1.38370382785797
"486",1941,6,1.32302153110504
"487",1941,7,1.54438829421997
"488",1941,8,1.37302482128143
"489",1941,9,1.50271880626678
"490",1941,10,1.65165174007416
"491",1941,11,1.57909858226776
"492",1941,12,0.936763525009155
"493",1942,1,1.4092755317688
"494",1942,2,1.45943057537079
"495",1942,3,1.71379125118256
"496",1942,4,1.6879780292511
"497",1942,5,1.38295125961304
"498",1942,6,1.13504374027252
"499",1942,7,0.643129527568817
"500",1942,8,0.899785995483398
"501",1942,9,0.190224230289459
"502",1942,10,-0.16709740459919
"503",1942,11,0.188039913773537
"504",1942,12,-0.171390265226364
"505",1943,1,-0.335352897644043
"506",1943,2,-0.755539894104004
"507",1943,3,-1.10317015647888
"508",1943,4,-1.14765930175781
"509",1943,5,-0.274904072284698
"510",1943,6,-0.154101505875587
"511",1943,7,-0.255273014307022
"512",1943,8,-0.671058475971222
"513",1943,9,-0.370688676834106
"514",1943,10,-0.364070326089859
"515",1943,11,-0.880027949810028
"516",1943,12,-0.323344856500626
"517",1944,1,-0.7028568983078
"518",1944,2,-0.0673642829060555
"519",1944,3,0.46528896689415
"520",1944,4,0.836748719215393
"521",1944,5,0.344507575035095
"522",1944,6,-0.0557090826332569
"523",1944,7,0.632575035095215
"524",1944,8,1.18320333957672
"525",1944,9,1.3283953666687
"526",1944,10,1.79338920116425
"527",1944,11,1.80975461006165
"528",1944,12,1.55386769771576
"529",1945,1,1.69964015483856
"530",1945,2,1.18229186534882
"531",1945,3,0.776241540908813
"532",1945,4,0.286307901144028
"533",1945,5,-0.437534660100937
"534",1945,6,-0.499119341373444
"535",1945,7,-1.24973893165588
"536",1945,8,-1.60607898235321
"537",1945,9,-1.78845036029816
"538",1945,10,-2.06754732131958
"539",1945,11,-2.39640593528748
"540",1945,12,-2.03989577293396
"541",1946,1,-2.07073664665222
"542",1946,2,-1.7732982635498
"543",1946,3,-1.42238450050354
"544",1946,4,-1.51235246658325
"545",1946,5,-1.17172312736511
"546",1946,6,-1.19179654121399
"547",1946,7,-1.2957558631897
"548",1946,8,-1.32578909397125
"549",1946,9,-1.4948924779892
"550",1946,10,-1.39046597480774
"551",1946,11,-1.08436942100525
"552",1946,12,-1.08603096008301
"553",1947,1,-1.01590442657471
"554",1947,2,-1.05686926841736
"555",1947,3,-1.41487216949463
"556",1947,4,-1.61155021190643
"557",1947,5,-1.7534316778183
"558",1947,6,-1.53322374820709
"559",1947,7,-1.31853938102722
"560",1947,8,-0.913614213466644
"561",1947,9,-0.822318553924561
"562",1947,10,-0.937237143516541
"563",1947,11,-1.0545449256897
"564",1947,12,-0.933484733104706
"565",1948,1,-1.06532037258148
"566",1948,2,-1.12744379043579
"567",1948,3,-1.0888112783432
"568",1948,4,-0.556853294372559
"569",1948,5,0.107969015836716
"570",1948,6,0.774718403816223
"571",1948,7,0.6056307554245
"572",1948,8,0.0542369298636913
"573",1948,9,0.0556004121899605
"574",1948,10,-0.400748431682587
"575",1948,11,-0.580830514431
"576",1948,12,-1.40009999275208
"577",1949,1,-1.54088258743286
"578",1949,2,-1.8153270483017
"579",1949,3,-1.27904009819031
"580",1949,4,-1.36515462398529
"581",1949,5,-1.93842673301697
"582",1949,6,-2.15364170074463
"583",1949,7,-1.69459855556488
"584",1949,8,-1.24936318397522
"585",1949,9,-0.963970065116882
"586",1949,10,-0.900757730007172
"587",1949,11,-0.49975711107254
"588",1949,12,-0.353660732507706
"589",1950,1,-0.0264270640909672
"590",1950,2,0.0681000500917435
"591",1950,3,-0.124804072082043
"592",1950,4,-0.227230876684189
"593",1950,5,0.119755364954472
"594",1950,6,-0.554985702037811
"595",1950,7,-1.28840088844299
"596",1950,8,-1.78268504142761
"597",1950,9,-1.97735381126404
"598",1950,10,-1.83590769767761
"599",1950,11,-1.99685990810394
"600",1950,12,-1.87817633152008
"601",1951,1,-1.95613265037537
"602",1951,2,-1.85283410549164
"603",1951,3,-1.79947471618652
"604",1951,4,-1.44423842430115
"605",1951,5,-1.51451683044434
"606",1951,6,-1.23710644245148
"607",1951,7,-0.741669356822968
"608",1951,8,-0.180343076586723
"609",1951,9,-0.225192442536354
"610",1951,10,-0.00500054378062487
"611",1951,11,-0.0556171983480453
"612",1951,12,-0.524124085903168
"613",1952,1,-0.608669221401215
"614",1952,2,-0.288384437561035
"615",1952,3,-0.396663963794708
"616",1952,4,-0.968355894088745
"617",1952,5,-0.70904415845871
"618",1952,6,-0.889211177825928
"619",1952,7,-1.37325060367584
"620",1952,8,-1.9449657201767
"621",1952,9,-1.95572972297668
"622",1952,10,-1.68664026260376
"623",1952,11,-1.0517406463623
"624",1952,12,-0.266807317733765
"625",1953,1,-0.0306006483733654
"626",1953,2,-0.388554185628891
"627",1953,3,-0.681305766105652
"628",1953,4,-0.108377695083618
"629",1953,5,-0.00828577764332294
"630",1953,6,0.505597591400146
"631",1953,7,0.447693467140198
"632",1953,8,0.817701876163483
"633",1953,9,0.775696933269501
"634",1953,10,1.06247937679291
"635",1953,11,0.127333626151085
"636",1953,12,-0.746701657772064
"637",1954,1,-0.784947514533997
"638",1954,2,-0.237219527363777
"639",1954,3,0.0574509762227535
"640",1954,4,-0.0489349365234375
"641",1954,5,-0.0813955292105675
"642",1954,6,-0.558826386928558
"643",1954,7,-0.32499760389328
"644",1954,8,-0.223453506827354
"645",1954,9,-0.212876692414284
"646",1954,10,-0.635030031204224
"647",1954,11,0.208848506212234
"648",1954,12,0.924287855625153
"649",1955,1,0.994209110736847
"650",1955,2,0.467223614454269
"651",1955,3,0.787792384624481
"652",1955,4,1.04619920253754
"653",1955,5,0.71028071641922
"654",1955,6,1.10195970535278
"655",1955,7,1.81699681282043
"656",1955,8,2.20395612716675
"657",1955,9,2.42364931106567
"658",1955,10,2.24108219146729
"659",1955,11,2.13763332366943
"660",1955,12,1.85472011566162
"661",1956,1,1.75345981121063
"662",1956,2,2.17842626571655
"663",1956,3,2.05502200126648
"664",1956,4,1.72557759284973
"665",1956,5,2.14166259765625
"666",1956,6,2.1758279800415
"667",1956,7,1.67683899402618
"668",1956,8,1.22401392459869
"669",1956,9,0.956212103366852
"670",1956,10,0.741153657436371
"671",1956,11,0.814985692501068
"672",1956,12,1.2083683013916
"673",1957,1,1.00541341304779
"674",1957,2,0.269545823335648
"675",1957,3,-0.25352469086647
"676",1957,4,0.111365579068661
"677",1957,5,0.171705335378647
"678",1957,6,0.00718577997758985
"679",1957,7,0.136295855045319
"680",1957,8,0.335604935884476
"681",1957,9,0.977294564247131
"682",1957,10,1.06852102279663
"683",1957,11,0.406144499778748
"684",1957,12,0.485272318124771
"685",1958,1,0.933219373226166
"686",1958,2,0.808133244514465
"687",1958,3,1.33113348484039
"688",1958,4,1.50349342823029
"689",1958,5,0.886848568916321
"690",1958,6,0.702538669109344
"691",1958,7,0.46638286113739
"692",1958,8,0.31994640827179
"693",1958,9,-0.036056611686945
"694",1958,10,0.00507217273116112
"695",1958,11,-0.0637048780918121
"696",1958,12,-0.825843393802643
"697",1959,1,-0.952309131622314
"698",1959,2,-0.865390717983246
"699",1959,3,-1.40483438968658
"700",1959,4,-1.79078507423401
"701",1959,5,-1.48673439025879
"702",1959,6,-0.918393969535828
"703",1959,7,-0.526321113109589
"704",1959,8,-0.111202076077461
"705",1959,9,0.0410011075437069
"706",1959,10,-0.156039103865623
"707",1959,11,0.345218181610107
"708",1959,12,0.633309006690979
"709",1960,1,0.66041761636734
"710",1960,2,0.963823735713959
"711",1960,3,0.985027849674225
"712",1960,4,1.35910081863403
"713",1960,5,1.41589057445526
"714",1960,6,1.50449013710022
"715",1960,7,1.49931216239929
"716",1960,8,1.23047435283661
"717",1960,9,1.27669262886047
"718",1960,10,1.03387045860291
"719",1960,11,0.900204002857208
"720",1960,12,1.4833083152771
"721",1961,1,1.52887713909149
"722",1961,2,1.33459734916687
"723",1961,3,1.31215512752533
"724",1961,4,0.813351809978485
"725",1961,5,1.12598192691803
"726",1961,6,1.05213689804077
"727",1961,7,0.903478980064392
"728",1961,8,0.937979996204376
"729",1961,9,0.546199381351471
"730",1961,10,0.665266990661621
"731",1961,11,0.640498578548431
"732",1961,12,0.129340380430222
"733",1962,1,-0.332212567329407
"734",1962,2,-0.0269019156694412
"735",1962,3,0.508733332157135
"736",1962,4,0.635170757770538
"737",1962,5,-0.175282269716263
"738",1962,6,-1.08043253421783
"739",1962,7,-0.841628193855286
"740",1962,8,-1.0512113571167
"741",1962,9,-0.887431025505066
"742",1962,10,-0.292368501424789
"743",1962,11,-0.206565290689468
"744",1962,12,0.0316605940461159
"745",1963,1,0.709257185459137
"746",1963,2,0.961259365081787
"747",1963,3,0.852924048900604
"748",1963,4,0.998444795608521
"749",1963,5,1.32138013839722
"750",1963,6,1.47080373764038
"751",1963,7,1.17164754867554
"752",1963,8,1.21106708049774
"753",1963,9,1.07391476631165
"754",1963,10,0.976906299591064
"755",1963,11,0.614703595638275
"756",1963,12,0.279393553733826
"757",1964,1,-0.512591004371643
"758",1964,2,-0.898343086242676
"759",1964,3,-1.16283488273621
"760",1964,4,-1.34062993526459
"761",1964,5,-1.21032047271729
"762",1964,6,-1.31547093391418
"763",1964,7,-1.30716645717621
"764",1964,8,-1.01841080188751
"765",1964,9,-0.0734532698988914
"766",1964,10,-0.434338808059692
"767",1964,11,-0.253223538398743
"768",1964,12,-0.146219596266747
"769",1965,1,0.0058851633220911
"770",1965,2,0.482734620571136
"771",1965,3,0.551846086978912
"772",1965,4,0.781077206134796
"773",1965,5,0.899863183498383
"774",1965,6,0.593533337116241
"775",1965,7,0.467365324497223
"776",1965,8,0.454213410615921
"777",1965,9,-0.760848522186279
"778",1965,10,-0.966216206550598
"779",1965,11,-0.585817098617554
"780",1965,12,-0.387064516544342
"781",1966,1,0.225724741816521
"782",1966,2,-0.5267733335495
"783",1966,3,-0.408543676137924
"784",1966,4,-0.383371859788895
"785",1966,5,-0.810961127281189
"786",1966,6,-0.0606264695525169
"787",1966,7,0.131258592009544
"788",1966,8,0.181873872876167
"789",1966,9,0.661812722682953
"790",1966,10,1.04343008995056
"791",1966,11,1.68332529067993
"792",1966,12,1.95377624034882
"793",1967,1,1.79194974899292
"794",1967,2,1.8304854631424
"795",1967,3,1.59357261657715
"796",1967,4,1.57899296283722
"797",1967,5,1.61743116378784
"798",1967,6,1.63815689086914
"799",1967,7,1.70196950435638
"800",1967,8,1.71543478965759
"801",1967,9,1.64768433570862
"802",1967,10,1.47945785522461
"803",1967,11,0.409030854701996
"804",1967,12,-0.300322651863098
"805",1968,1,-0.162419989705086
"806",1968,2,0.0495695248246193
"807",1968,3,-0.0539734810590744
"808",1968,4,-0.766861796379089
"809",1968,5,-1.22736287117004
"810",1968,6,-1.64463484287262
"811",1968,7,-1.7454971075058
"812",1968,8,-1.3155552148819
"813",1968,9,-0.881969749927521
"814",1968,10,-0.917208433151245
"815",1968,11,-0.605739951133728
"816",1968,12,-0.401660233736038
"817",1969,1,-0.456477910280228
"818",1969,2,-0.0258655920624733
"819",1969,3,0.269071608781815
"820",1969,4,0.818562626838684
"821",1969,5,0.875535249710083
"822",1969,6,1.08488857746124
"823",1969,7,1.34656715393066
"824",1969,8,0.878133177757263
"825",1969,9,0.326652318239212
"826",1969,10,0.161883398890495
"827",1969,11,-0.401052534580231
"828",1969,12,0.0795456320047379
"829",1970,1,-0.224275022745132
"830",1970,2,-0.466610938310623
"831",1970,3,-0.455964297056198
"832",1970,4,-0.468060702085495
"833",1970,5,0.355082750320435
"834",1970,6,0.217067256569862
"835",1970,7,-0.15103568136692
"836",1970,8,-0.183428928256035
"837",1970,9,-0.472780972719193
"838",1970,10,0.137818619608879
"839",1970,11,0.624854922294617
"840",1970,12,-0.350526571273804
"841",1971,1,-0.188626408576965
"842",1971,2,-0.124571040272713
"843",1971,3,0.202572450041771
"844",1971,4,0.0774578154087067
"845",1971,5,-0.194046080112457
"846",1971,6,0.140289023518562
"847",1971,7,1.07012510299683
"848",1971,8,0.954550981521606
"849",1971,9,1.56001543998718
"850",1971,10,1.29672908782959
"851",1971,11,1.26708233356476
"852",1971,12,1.46463251113892
"853",1972,1,1.22711098194122
"854",1972,2,0.940670490264893
"855",1972,3,0.0980839729309082
"856",1972,4,0.312012106180191
"857",1972,5,0.196142539381981
"858",1972,6,-0.311257183551788
"859",1972,7,-0.814988493919373
"860",1972,8,-0.347461104393005
"861",1972,9,-0.18305578827858
"862",1972,10,0.888602674007416
"863",1972,11,0.588760256767273
"864",1972,12,0.233401000499725
"865",1973,1,0.458639174699783
"866",1973,2,0.792890012264252
"867",1973,3,1.36798369884491
"868",1973,4,1.61397004127502
"869",1973,5,1.54986894130707
"870",1973,6,1.7819766998291
"871",1973,7,1.88243770599365
"872",1973,8,1.68650245666504
"873",1973,9,1.21708977222443
"874",1973,10,0.233875438570976
"875",1973,11,0.337439715862274
"876",1973,12,0.65914112329483
"877",1974,1,0.41313648223877
"878",1974,2,-0.0227575432509184
"879",1974,3,-0.370894312858582
"880",1974,4,-0.687886953353882
"881",1974,5,-0.302452027797699
"882",1974,6,-0.420598417520523
"883",1974,7,-0.897167682647705
"884",1974,8,-1.01580739021301
"885",1974,9,-1.18251729011536
"886",1974,10,-1.27592968940735
"887",1974,11,-0.838539242744446
"888",1974,12,-0.591056704521179
"889",1975,1,-0.266211897134781
"890",1975,2,-0.310310006141663
"891",1975,3,-0.488465249538422
"892",1975,4,-0.413270622491837
"893",1975,5,-0.243377760052681
"894",1975,6,-0.0203173588961363
"895",1975,7,0.0475542508065701
"896",1975,8,0.880104720592499
"897",1975,9,0.724979877471924
"898",1975,10,1.27561604976654
"899",1975,11,1.16753375530243
"900",1975,12,0.98886114358902
"901",1976,1,0.710190773010254
"902",1976,2,0.689018845558167
"903",1976,3,0.556511998176575
"904",1976,4,0.347111135721207
"905",1976,5,-0.11401442438364
"906",1976,6,-0.26124906539917
"907",1976,7,0.0354444123804569
"908",1976,8,0.116975530982018
"909",1976,9,0.349489063024521
"910",1976,10,0.20891635119915
"911",1976,11,0.211817115545273
"912",1976,12,0.31701397895813
"913",1977,1,0.720446765422821
"914",1977,2,0.938087821006775
"915",1977,3,0.896329164505005
"916",1977,4,0.815958082675934
"917",1977,5,0.941225647926331
"918",1977,6,1.28952217102051
"919",1977,7,1.23789179325104
"920",1977,8,0.281285762786865
"921",1977,9,0.706988871097565
"922",1977,10,0.132801741361618
"923",1977,11,-0.0768530666828156
"924",1977,12,-0.080184206366539
"925",1978,1,-0.313364833593369
"926",1978,2,-0.114158891141415
"927",1978,3,0.226095765829086
"928",1978,4,0.689078450202942
"929",1978,5,0.988081812858582
"930",1978,6,0.538155317306519
"931",1978,7,0.00617684936150908
"932",1978,8,0.143139705061913
"933",1978,9,0.794491291046143
"934",1978,10,1.27724468708038
"935",1978,11,1.09306788444519
"936",1978,12,1.01418352127075
"937",1979,1,1.28888809680939
"938",1979,2,1.31951606273651
"939",1979,3,0.828404009342194
"940",1979,4,0.592536866664886
"941",1979,5,0.516601860523224
"942",1979,6,0.255742967128754
"943",1979,7,1.17763960361481
"944",1979,8,1.67237555980682
"945",1979,9,0.672881424427032
"946",1979,10,0.932539105415344
"947",1979,11,1.53648364543915
"948",1979,12,1.52028477191925
"949",1980,1,1.55529117584229
"950",1980,2,1.22722780704498
"951",1980,3,1.43667554855347
"952",1980,4,1.46643316745758
"953",1980,5,1.75793850421906
"954",1980,6,1.79036045074463
"955",1980,7,1.21678471565247
"956",1980,8,1.11567044258118
"957",1980,9,1.18331873416901
"958",1980,10,0.436473965644836
"959",1980,11,-0.00513941049575806
"960",1980,12,0.732934832572937
"961",1981,1,1.07099390029907
"962",1981,2,1.21782696247101
"963",1981,3,1.13343381881714
"964",1981,4,0.673864841461182
"965",1981,5,-0.0191473569720984
"966",1981,6,-0.293619990348816
"967",1981,7,-0.244280815124512
"968",1981,8,-0.520501494407654
"969",1981,9,-0.551697969436646
"970",1981,10,-0.372011065483093
"971",1981,11,0.127333715558052
"972",1981,12,-0.313928872346878
"973",1982,1,-1.0913063287735
"974",1982,2,-1.16766262054443
"975",1982,3,-0.884399473667145
"976",1982,4,-0.142491474747658
"977",1982,5,-0.348599821329117
"978",1982,6,-0.172794684767723
"979",1982,7,0.113118469715118
"980",1982,8,0.223747417330742
"981",1982,9,0.0868983715772629
"982",1982,10,0.316391080617905
"983",1982,11,-0.231923684477806
"984",1982,12,-0.21229399740696
"985",1983,1,-0.365692645311356
"986",1983,2,-0.391680687665939
"987",1983,3,-0.861941397190094
"988",1983,4,-1.584681391716
"989",1983,5,-1.65270972251892
"990",1983,6,-0.760698199272156
"991",1983,7,-0.339882969856262
"992",1983,8,-0.3242347240448
"993",1983,9,0.101508781313896
"994",1983,10,-0.173127263784409
"995",1983,11,-0.263364553451538
"996",1983,12,-0.430814474821091
"997",1984,1,-0.0180827621370554
"998",1984,2,0.210033968091011
"999",1984,3,1.288454413414
"1000",1984,4,1.68797814846039
"1001",1984,5,1.69363343715668
"1002",1984,6,0.865654349327087
"1003",1984,7,0.148381739854813
"1004",1984,8,0.296964526176453
"1005",1984,9,-0.0941957980394363
"1006",1984,10,-0.281380474567413
"1007",1984,11,0.0733024701476097
"1008",1984,12,-0.279379278421402
"1009",1985,1,-0.366738528013229
"1010",1985,2,-0.433337211608887
"1011",1985,3,-1.38805115222931
"1012",1985,4,-1.5669207572937
"1013",1985,5,-1.63896679878235
"1014",1985,6,-1.37678778171539
"1015",1985,7,-1.50855004787445
"1016",1985,8,-1.83205759525299
"1017",1985,9,-1.81212365627289
"1018",1985,10,-1.70075881481171
"1019",1985,11,-1.45349109172821
"1020",1985,12,-1.67907607555389
"1021",1986,1,-1.5321272611618
"1022",1986,2,-1.06561553478241
"1023",1986,3,-1.13176000118256
"1024",1986,4,-1.37004160881042
"1025",1986,5,-1.45714211463928
"1026",1986,6,-1.33960974216461
"1027",1986,7,-1.28430807590485
"1028",1986,8,-1.36326587200165
"1029",1986,9,-1.48733675479889
"1030",1986,10,-1.20497512817383
"1031",1986,11,-1.83636713027954
"1032",1986,12,-1.64646768569946
"1033",1987,1,-1.67356896400452
"1034",1987,2,-2.23943328857422
"1035",1987,3,-1.89762210845947
"1036",1987,4,-1.19799566268921
"1037",1987,5,-0.92204213142395
"1038",1987,6,-1.07514595985413
"1039",1987,7,-1.32097160816193
"1040",1987,8,-1.08878922462463
"1041",1987,9,-1.0780063867569
"1042",1987,10,-1.0155930519104
"1043",1987,11,-0.43132808804512
"1044",1987,12,-0.000686215586028993
"1045",1988,1,-0.476245403289795
"1046",1988,2,-0.312398165464401
"1047",1988,3,0.00976221822202206
"1048",1988,4,-0.402669131755829
"1049",1988,5,-0.304418355226517
"1050",1988,6,-0.190499946475029
"1051",1988,7,-0.23328010737896
"1052",1988,8,-0.773373007774353
"1053",1988,9,-0.546797513961792
"1054",1988,10,-0.61385703086853
"1055",1988,11,-0.222794786095619
"1056",1988,12,-0.469254672527313
"1057",1989,1,-0.579826056957245
"1058",1989,2,-0.964777946472168
"1059",1989,3,-1.19546246528625
"1060",1989,4,-1.45062494277954
"1061",1989,5,-1.29735314846039
"1062",1989,6,-0.845148503780365
"1063",1989,7,-0.714487195014954
"1064",1989,8,-0.312087178230286
"1065",1989,9,-0.129395753145218
"1066",1989,10,-0.100695036351681
"1067",1989,11,-0.769497394561768
"1068",1989,12,-0.766822159290314
"1069",1990,1,-0.720154285430908
"1070",1990,2,-0.608338713645935
"1071",1990,3,-1.17079269886017
"1072",1990,4,-0.73909604549408
"1073",1990,5,-0.93746542930603
"1074",1990,6,-1.6284761428833
"1075",1990,7,-1.71764171123505
"1076",1990,8,-1.90724468231201
"1077",1990,9,-1.8562114238739
"1078",1990,10,-1.79795396327972
"1079",1990,11,-2.0279586315155
"1080",1990,12,-1.67657709121704
"1081",1991,1,-1.55572736263275
"1082",1991,2,-1.2519359588623
"1083",1991,3,-0.944788336753845
"1084",1991,4,-0.735384881496429
"1085",1991,5,-0.16737961769104
"1086",1991,6,-0.138357400894165
"1087",1991,7,0.592116951942444
"1088",1991,8,0.919403553009033
"1089",1991,9,0.59100866317749
"1090",1991,10,1.01293182373047
"1091",1991,11,1.29750323295593
"1092",1991,12,0.651502370834351
"1093",1992,1,0.50474339723587
"1094",1992,2,0.220154538750648
"1095",1992,3,0.286592990159988
"1096",1992,4,0.0541711561381817
"1097",1992,5,-0.585431575775146
"1098",1992,6,0.316339880228043
"1099",1992,7,-0.212255716323853
"1100",1992,8,-0.705122232437134
"1101",1992,9,-0.840767383575439
"1102",1992,10,-1.29179668426514
"1103",1992,11,-1.32233774662018
"1104",1992,12,-1.45317113399506
"1105",1993,1,-1.3396760225296
"1106",1993,2,-1.25005626678467
"1107",1993,3,-1.08161616325378
"1108",1993,4,-1.32419753074646
"1109",1993,5,-0.852534055709839
"1110",1993,6,-1.55922269821167
"1111",1993,7,-1.81301927566528
"1112",1993,8,-1.57678699493408
"1113",1993,9,-1.50769209861755
"1114",1993,10,-1.49281537532806
"1115",1993,11,-1.39711403846741
"1116",1993,12,-1.37331926822662
"1117",1994,1,-1.2137416601181
"1118",1994,2,-1.32007956504822
"1119",1994,3,-1.51963365077972
"1120",1994,4,-1.24523997306824
"1121",1994,5,-1.82173418998718
"1122",1994,6,-1.77073228359222
"1123",1994,7,-1.21650063991547
"1124",1994,8,-1.30607664585114
"1125",1994,9,-1.49413776397705
"1126",1994,10,-1.05027174949646
"1127",1994,11,-1.40060353279114
"1128",1994,12,-1.02475607395172
"1129",1995,1,-0.412701159715652
"1130",1995,2,-0.249749034643173
"1131",1995,3,0.317651212215424
"1132",1995,4,0.208777159452438
"1133",1995,5,0.245840266346931
"1134",1995,6,0.255742788314819
"1135",1995,7,0.246851593255997
"1136",1995,8,0.579022645950317
"1137",1995,9,1.34872364997864
"1138",1995,10,0.792044579982758
"1139",1995,11,1.32235741615295
"1140",1995,12,1.27557408809662
"1141",1996,1,0.719515323638916
"1142",1996,2,1.15594780445099
"1143",1996,3,0.946061015129089
"1144",1996,4,1.11423647403717
"1145",1996,5,1.24917268753052
"1146",1996,6,1.04390096664429
"1147",1996,7,0.360638588666916
"1148",1996,8,0.249909117817879
"1149",1996,9,0.502203404903412
"1150",1996,10,0.534547984600067
"1151",1996,11,0.243416786193848
"1152",1996,12,0.337270945310593
"1153",1997,1,0.263403058052063
"1154",1997,2,-0.339535534381866
"1155",1997,3,-0.215628027915955
"1156",1997,4,-0.02458849363029
"1157",1997,5,-0.0952335298061371
"1158",1997,6,0.126635134220123
"1159",1997,7,0.623926877975464
"1160",1997,8,1.29094707965851
"1161",1997,9,0.488864928483963
"1162",1997,10,0.99978905916214
"1163",1997,11,0.907929360866547
"1164",1997,12,1.10514104366302
"1165",1998,1,1.33474230766296
"1166",1998,2,1.55097675323486
"1167",1998,3,1.46500313282013
"1168",1998,4,0.915476500988007
"1169",1998,5,1.42852258682251
"1170",1998,6,1.40003776550293
"1171",1998,7,1.36694180965424
"1172",1998,8,0.418924272060394
"1173",1998,9,1.29548561573029
"1174",1998,10,1.3369677066803
"1175",1998,11,1.53162860870361
"1176",1998,12,1.16300249099731
"1177",1999,1,1.09199810028076
"1178",1999,2,1.05062484741211
"1179",1999,3,0.898055136203766
"1180",1999,4,1.20444750785828
"1181",1999,5,0.731050312519073
"1182",1999,6,0.703437089920044
"1183",1999,7,0.954319179058075
"1184",1999,8,1.1915796995163
"1185",1999,9,0.660805821418762
"1186",1999,10,0.238861918449402
"1187",1999,11,-0.190336465835571
"1188",1999,12,0.00871058646589518
"1189",2000,1,-0.0212114229798317
"1190",2000,2,-0.125612244009972
"1191",2000,3,-0.233582928776741
"1192",2000,4,-0.245714545249939
"1193",2000,5,-0.495806276798248
"1194",2000,6,-0.706280887126923
"1195",2000,7,-1.4097672700882
"1196",2000,8,-1.52822649478912
"1197",2000,9,-1.54797494411469
"1198",2000,10,-1.61286330223083
"1199",2000,11,-1.77671706676483
"1200",2000,12,-2.19330930709839
"1201",2001,1,-2.21259117126465
"1202",2001,2,-2.24862360954285
"1203",2001,3,-2.21651434898376
"1204",2001,4,-2.0225248336792
"1205",2001,5,-1.78223121166229
"1206",2001,6,-1.67446267604828
"1207",2001,7,-1.57453322410583
"1208",2001,8,-1.60820984840393
"1209",2001,9,-1.68742740154266
"1210",2001,10,-1.91262209415436
"1211",2001,11,-1.78791439533234
"1212",2001,12,-1.36345851421356
"1213",2002,1,-1.48189198970795
"1214",2002,2,-1.7001166343689
"1215",2002,3,-1.37626278400421
"1216",2002,4,-1.61001992225647
"1217",2002,5,-1.943354845047
"1218",2002,6,-1.93914747238159
"1219",2002,7,-1.51008212566376
"1220",2002,8,-0.994909465312958
"1221",2002,9,-0.413916945457458
"1222",2002,10,0.360867947340012
"1223",2002,11,0.565473735332489
"1224",2002,12,0.446616291999817
"1225",2003,1,1.00196993350983
"1226",2003,2,1.29444575309753
"1227",2003,3,0.962207138538361
"1228",2003,4,1.07795333862305
"1229",2003,5,1.25936436653137
"1230",2003,6,0.837886273860931
"1231",2003,7,0.391392946243286
"1232",2003,8,-0.377640873193741
"1233",2003,9,-0.810282111167908
"1234",2003,10,-0.569371998310089
"1235",2003,11,-0.809446454048157
"1236",2003,12,-0.925649046897888
"1237",2004,1,-0.96410071849823
"1238",2004,2,-1.24723613262177
"1239",2004,3,-1.04729604721069
"1240",2004,4,-1.33816945552826
"1241",2004,5,-1.16568791866302
"1242",2004,6,-0.365047127008438
"1243",2004,7,-0.339883059263229
"1244",2004,8,0.0615507736802101
"1245",2004,9,-0.221088916063309
"1246",2004,10,-0.879655182361603
"1247",2004,11,-0.904989421367645
"1248",2004,12,-0.834801435470581
"1249",2005,1,-1.01882314682007
"1250",2005,2,-0.300913989543915
"1251",2005,3,-0.302332311868668
"1252",2005,4,-0.293324738740921
"1253",2005,5,-0.165403872728348
"1254",2005,6,-0.5338334441185
"1255",2005,7,0.358651041984558
"1256",2005,8,0.327254831790924
"1257",2005,9,0.704986870288849
"1258",2005,10,0.96807062625885
"1259",2005,11,1.250981092453
"1260",2005,12,1.23202073574066
"1261",2006,1,1.13606095314026
"1262",2006,2,0.855240345001221
"1263",2006,3,1.22642552852631
"1264",2006,4,1.24864029884338
"1265",2006,5,0.835250496864319
"1266",2006,6,1.16859984397888
"1267",2006,7,0.543634951114655
"1268",2006,8,0.358552277088165
"1269",2006,9,0.558442115783691
"1270",2006,10,0.569169521331787
"1271",2006,11,0.178114399313927
"1272",2006,12,-0.178732082247734
"1273",2007,1,-0.286125779151917
"1274",2007,2,-0.586705148220062
"1275",2007,3,-0.992628991603851
"1276",2007,4,-1.20392942428589
"1277",2007,5,-0.733505606651306
"1278",2007,6,-1.20809376239777
"1279",2007,7,-1.75401818752289
"1280",2007,8,-1.65117287635803
"1281",2007,9,-1.87470054626465
"1282",2007,10,-1.73616433143616
"1283",2007,11,-1.10940790176392
"1284",2007,12,-0.803895235061646
"1285",2008,1,-0.806089818477631
"1286",2008,2,-0.97857791185379
"1287",2008,3,-1.19985389709473
"1288",2008,4,-0.674791157245636
"1289",2008,5,-1.22396004199982
"1290",2008,6,-1.20638132095337
"1291",2008,7,-0.823272228240967
"1292",2008,8,-1.1091046333313
"1293",2008,9,-0.971983194351196
"1294",2008,10,-1.25915515422821
"1295",2008,11,-1.97319889068604
"1296",2008,12,-2.1526997089386
"1297",2009,1,-1.9041303396225
"1298",2009,2,-1.52006471157074
"1299",2009,3,-1.18226289749146
"1300",2009,4,-1.41536974906921
"1301",2009,5,-1.33148908615112
"1302",2009,6,-1.37514269351959
"1303",2009,7,-1.18968784809113
"1304",2009,8,-1.06064629554749
"1305",2009,9,-0.969314217567444
"1306",2009,10,-0.412616908550262
"1307",2009,11,-0.285670906305313
"1308",2009,12,0.180988475680351
"1309",2010,1,0.135442584753036
"1310",2010,2,0.610686123371124
"1311",2010,3,0.655345499515533
"1312",2010,4,0.725569367408752
"1313",2010,5,0.725640714168549
"1314",2010,6,1.32907342910767
"1315",2010,7,1.50165832042694
"1316",2010,8,1.32269394397736
"1317",2010,9,1.00210011005402
"1318",2010,10,1.11310362815857
"1319",2010,11,0.953076541423798
"1320",2010,12,0.90010404586792
"1321",2011,1,0.687725067138672
"1322",2011,2,-0.0725584924221039
"1323",2011,3,-0.394683390855789
"1324",2011,4,-0.139567777514458
"1325",2011,5,0.103055477142334
"1326",2011,6,-0.333771109580994
"1327",2011,7,-0.830623149871826
"1328",2011,8,-0.694742023944855
"1329",2011,9,-0.809354662895203
"1330",2011,10,-0.86215341091156
"1331",2011,11,-0.977394998073578
"1332",2011,12,-1.20732712745667
"1333",2012,1,-0.915810525417328
"1334",2012,2,-0.606279969215393
"1335",2012,3,-0.751279652118683
"1336",2012,4,-0.817447602748871
"1337",2012,5,-0.0596521347761154
"1338",2012,6,-0.784014821052551
"1339",2012,7,-1.15334641933441
"1340",2012,8,-1.01667547225952
"1341",2012,9,-1.08059442043304
"1342",2012,10,-1.36359632015228
"1343",2012,11,-1.28494834899902
"1344",2012,12,-0.858628749847412
"1345",2013,1,-0.857179462909698
"1346",2013,2,-0.655588686466217
"1347",2013,3,-0.326205343008041
"1348",2013,4,-0.512080073356628
"1349",2013,5,-1.62747490406036
"1350",2013,6,-0.764434576034546
"1351",2013,7,-0.500093579292297
"1352",2013,8,-0.821302056312561
"1353",2013,9,-0.749576210975647
"1354",2013,10,-0.581003904342651
"1355",2013,11,-0.311007708311081
"1356",2013,12,-1.34367084503174
"1357",2014,1,-1.47923243045807
"1358",2014,2,-2.06152701377869
"1359",2014,3,-1.79871594905853
"1360",2014,4,-1.28781366348267
"1361",2014,5,-0.541213989257812
"1362",2014,6,-0.0842358246445656
"1363",2014,7,0.543635070323944
"1364",2014,8,1.07870471477509
"1365",2014,9,1.58003950119019
"1366",2014,10,1.71198236942291
"1367",2014,11,1.69703805446625
"1368",2014,12,2.37261343002319
"1369",2015,1,2.3594172000885
"1370",2015,2,2.58226346969604
"1371",2015,3,2.66672921180725
"1372",2015,4,2.47547507286072
"1373",2015,5,2.1474277973175
"1374",2015,6,1.88529062271118
"1375",2015,7,1.35962021350861
"1376",2015,8,1.30639469623566
"1377",2015,9,1.35665106773376
"1378",2015,10,1.45407831668854
"1379",2015,11,1.51700901985168
"1380",2015,12,0.70375645160675
"1381",2016,1,1.06593179702759
"1382",2016,2,0.930326819419861
"1383",2016,3,0.721617162227631
"1384",2016,4,0.578857123851776
"1385",2016,5,1.10882997512817
"1386",2016,6,0.743672132492065
"1387",2016,7,0.71365886926651
"1388",2016,8,0.438654780387878
"1389",2016,9,-0.173785164952278
"1390",2016,10,-0.751155972480774
"1391",2016,11,-0.717548727989197
"1392",2016,12,-0.738637745380402
"1393",2017,1,-0.955259263515472
"1394",2017,2,-1.02273666858673
"1395",2017,3,-1.18050003051758
"1396",2017,4,-1.04702997207642
"1397",2017,5,-1.3173702955246
"1398",2017,6,-1.18749749660492
"1399",2017,7,-0.425770878791809
"1400",2017,8,-0.476232349872589
"1401",2017,9,-0.581007957458496
"1402",2017,10,-0.206266582012177
"1403",2017,11,-0.128491893410683
"1404",2017,12,0.497113704681396
"1405",2018,1,0.233886539936066
"1406",2018,2,0.81885439157486
"1407",2018,3,1.16473352909088
"1408",2018,4,0.681925177574158
"1409",2018,5,0.428706973791122
"1410",2018,6,0.921467542648315
"1411",2018,7,1.04456341266632
"1412",2018,8,0.913524985313416
"1413",2018,9,1.00875806808472
"1414",2018,10,0.349027216434479
"1415",2018,11,0.506291449069977
"1416",2018,12,0.265111714601517
