,date,value
0,2006-01-07,275.81854
1,2006-01-14,277.5132
2,2006-01-21,279.57535
3,2006-01-28,280.33463
4,2006-02-04,278.85645
5,2006-02-11,282.367
6,2006-02-18,282.113
7,2006-02-25,280.9454
8,2006-03-04,281.89706
9,2006-03-11,283.15018
10,2006-03-18,283.90045
11,2006-03-25,284.77786
12,2006-04-01,285.3451
13,2006-04-08,286.99606
14,2006-04-15,285.74252
15,2006-04-22,284.85995
16,2006-04-29,286.59537
17,2006-05-06,286.85367
18,2006-05-13,290.1895
19,2006-05-20,292.12177
20,2006-05-27,291.97568
21,2006-06-03,294.19876
22,2006-06-10,297.20062
23,2006-06-17,293.65576
24,2006-06-24,296.51074
25,2006-07-01,293.9122
26,2006-07-08,293.46198
27,2006-07-15,297.024
28,2006-07-22,299.6074
29,2006-07-29,297.89603
30,2006-08-05,295.39023
31,2006-08-12,293.74936
32,2006-08-19,297.19412
33,2006-08-26,298.90903
34,2006-09-02,298.7426
35,2006-09-09,295.79257
36,2006-09-16,295.49734
37,2006-09-23,291.5587
38,2006-09-30,289.40616
39,2006-10-07,289.1601
40,2006-10-14,285.68716
41,2006-10-21,284.80328
42,2006-10-28,287.2997
43,2006-11-04,285.28677
44,2006-11-11,282.7072
45,2006-11-18,283.15695
46,2006-11-25,283.39697
47,2006-12-02,280.11127
48,2006-12-09,281.07205
49,2006-12-16,279.83478
50,2006-12-23,279.46286
51,2006-12-30,277.10648
52,2007-01-07,277.76062
53,2007-01-14,278.93262
54,2007-01-21,278.08066
55,2007-01-28,278.7226
56,2007-02-04,277.22324
57,2007-02-11,280.36423
58,2007-02-18,280.4
59,2007-02-25,279.12277
60,2007-03-04,282.67636
61,2007-03-11,284.116
62,2007-03-18,282.3274
63,2007-03-25,283.71005
64,2007-04-01,285.2457
65,2007-04-08,285.72
66,2007-04-15,284.57977
67,2007-04-22,288.79044
68,2007-04-29,287.57385
69,2007-05-06,286.8782
70,2007-05-13,289.381
71,2007-05-20,292.24893
72,2007-05-27,293.49506
73,2007-06-03,294.8907
74,2007-06-10,293.78326
75,2007-06-17,295.04514
76,2007-06-24,294.14072
77,2007-07-01,297.8743
78,2007-07-08,296.3034
79,2007-07-15,297.9691
80,2007-07-22,295.3233
81,2007-07-29,299.0174
82,2007-08-05,300.73584
83,2007-08-12,302.39575
84,2007-08-19,302.3342
85,2007-08-26,301.30975
86,2007-09-02,295.7877
87,2007-09-09,295.41034
88,2007-09-16,295.0167
89,2007-09-23,292.24612
90,2007-09-30,294.33862
91,2007-10-07,289.31342
92,2007-10-14,292.3777
93,2007-10-21,288.40707
94,2007-10-28,286.76163
95,2007-11-04,283.24484
96,2007-11-11,285.71335
97,2007-11-18,284.26266
98,2007-11-25,282.33896
99,2007-12-02,275.28537
100,2007-12-09,277.81937
101,2007-12-16,275.51807
102,2007-12-23,274.53317
103,2007-12-30,276.2863
104,2008-01-07,276.16183
105,2008-01-14,278.13055
106,2008-01-21,276.7792
107,2008-01-28,277.7817
108,2008-02-04,275.15506
109,2008-02-11,274.42627
110,2008-02-18,275.94537
111,2008-02-25,281.24188
112,2008-03-03,282.25674
113,2008-03-10,284.1495
114,2008-03-17,284.2927
115,2008-03-24,286.25214
116,2008-03-31,287.28647
117,2008-04-07,287.30203
118,2008-04-14,284.88925
119,2008-04-21,286.2496
120,2008-04-28,287.81036
121,2008-05-05,286.73227
122,2008-05-12,289.3612
123,2008-05-19,290.11197
124,2008-05-26,291.65366
125,2008-06-02,288.50055
126,2008-06-09,289.56012
127,2008-06-16,294.236
128,2008-06-23,296.47543
129,2008-06-30,292.31863
130,2008-07-07,294.8918
131,2008-07-14,299.47128
132,2008-07-21,294.9431
133,2008-07-28,298.61865
134,2008-08-04,294.72412
135,2008-08-11,293.87067
136,2008-08-18,294.6787
137,2008-08-25,297.1092
138,2008-09-01,294.9355
139,2008-09-08,298.82162
140,2008-09-15,297.98755
141,2008-09-22,296.59348
142,2008-09-29,291.73105
143,2008-10-06,289.71426
144,2008-10-13,292.534
145,2008-10-20,286.75717
146,2008-10-27,284.85275
147,2008-11-03,282.4022
148,2008-11-10,281.36673
149,2008-11-17,282.8611
150,2008-11-24,278.7966
151,2008-12-01,277.1357
152,2008-12-08,281.21237
153,2008-12-15,279.2912
154,2008-12-22,279.2364
155,2008-12-29,278.6418
156,2009-01-07,274.9341
157,2009-01-14,277.1455
158,2009-01-21,275.7853
159,2009-01-28,278.78534
160,2009-02-04,279.62418
161,2009-02-11,278.28473
162,2009-02-18,280.22748
163,2009-02-25,280.6653
164,2009-03-04,280.738
165,2009-03-11,281.5345
166,2009-03-18,281.67838
167,2009-03-25,284.40747
168,2009-04-01,284.74493
169,2009-04-08,285.73444
170,2009-04-15,286.49295
171,2009-04-22,286.67368
172,2009-04-29,288.02032
173,2009-05-06,287.9083
174,2009-05-13,288.39447
175,2009-05-20,290.962
176,2009-05-27,290.92584
177,2009-06-03,293.01276
178,2009-06-10,295.95508
179,2009-06-17,294.25778
180,2009-06-24,296.27835
181,2009-07-01,297.6854
182,2009-07-08,299.00665
183,2009-07-15,296.14432
184,2009-07-22,294.64072
185,2009-07-29,297.58884
186,2009-08-05,297.95758
187,2009-08-12,295.83905
188,2009-08-19,295.66678
189,2009-08-26,299.01865
190,2009-09-02,295.5926
191,2009-09-09,297.88474
192,2009-09-16,300.08398
193,2009-09-23,294.94232
194,2009-09-30,288.06387
195,2009-10-07,292.6785
196,2009-10-14,293.1357
197,2009-10-21,288.1461
198,2009-10-28,285.67953
199,2009-11-04,285.39188
200,2009-11-11,285.60873
201,2009-11-18,284.98373
202,2009-11-25,283.72433
203,2009-12-02,280.02408
204,2009-12-09,280.1675
205,2009-12-16,275.16867
206,2009-12-23,280.314
207,2009-12-30,277.69608
208,2010-01-07,273.82693
209,2010-01-14,274.05624
210,2010-01-21,274.43964
211,2010-01-28,275.1874
212,2010-02-04,277.3738
213,2010-02-11,280.6457
214,2010-02-18,280.7491
215,2010-02-25,278.45688
216,2010-03-04,277.8201
217,2010-03-11,278.20425
218,2010-03-18,285.65308
219,2010-03-25,286.2901
220,2010-04-01,285.50385
221,2010-04-08,285.38068
222,2010-04-15,285.76505
223,2010-04-22,288.4081
224,2010-04-29,292.56113
225,2010-05-06,292.60507
226,2010-05-13,294.62485
227,2010-05-20,296.5178
228,2010-05-27,295.56467
229,2010-06-03,294.59036
230,2010-06-10,298.0146
231,2010-06-17,291.69965
232,2010-06-24,294.23
233,2010-07-01,293.8913
234,2010-07-08,296.1749
235,2010-07-15,300.47565
236,2010-07-22,301.48746
237,2010-07-29,300.89233
238,2010-08-05,299.20865
239,2010-08-12,296.842
240,2010-08-19,295.48456
241,2010-08-26,296.2288
242,2010-09-02,295.8421
243,2010-09-09,295.8716
244,2010-09-16,294.22037
245,2010-09-23,294.58505
246,2010-09-30,292.92612
247,2010-10-07,290.90204
248,2010-10-14,291.51685
249,2010-10-21,285.497
250,2010-10-28,286.65305
251,2010-11-04,287.87448
252,2010-11-11,282.66
253,2010-11-18,279.0873
254,2010-11-25,280.5766
255,2010-12-02,282.48453
256,2010-12-09,281.39243
257,2010-12-16,281.0138
258,2010-12-23,279.60135
259,2010-12-30,277.3023
260,2011-01-07,278.5384
261,2011-01-14,278.4204
262,2011-01-21,278.03876
263,2011-01-28,280.12463
264,2011-02-04,280.3718
265,2011-02-11,278.81293
266,2011-02-18,282.02377
267,2011-02-25,280.33698
268,2011-03-04,283.272
269,2011-03-11,283.18268
270,2011-03-18,285.77777
271,2011-03-25,285.74347
272,2011-04-01,283.42383
273,2011-04-08,287.67325
274,2011-04-15,289.42673
275,2011-04-22,292.62946
276,2011-04-29,288.28668
277,2011-05-06,286.06064
278,2011-05-13,290.35666
279,2011-05-20,295.80157
280,2011-05-27,301.70538
281,2011-06-03,299.57083
282,2011-06-10,294.1592
283,2011-06-17,295.34918
284,2011-06-24,296.6666
285,2011-07-01,298.7106
286,2011-07-08,300.8823
287,2011-07-15,295.98248
288,2011-07-22,301.46338
289,2011-07-29,297.01532
290,2011-08-05,296.46732
291,2011-08-12,296.68338
292,2011-08-19,294.74716
293,2011-08-26,297.61368
294,2011-09-02,294.69318
295,2011-09-09,300.57758
296,2011-09-16,300.86353
297,2011-09-23,292.75735
298,2011-09-30,290.99985
299,2011-10-07,287.65472
300,2011-10-14,287.40878
301,2011-10-21,284.2958
302,2011-10-28,282.72647
303,2011-11-04,286.40732
304,2011-11-11,286.08292
305,2011-11-18,281.61618
306,2011-11-25,278.9855
307,2011-12-02,281.9473
308,2011-12-09,282.83182
309,2011-12-16,278.16815
310,2011-12-23,275.37152
311,2011-12-30,274.4291
312,2012-01-07,278.69946
313,2012-01-14,277.6017
314,2012-01-21,276.69504
315,2012-01-28,276.8456
316,2012-02-04,277.34985
317,2012-02-11,277.29883
318,2012-02-18,277.96332
319,2012-02-25,281.9877
320,2012-03-03,285.45752
321,2012-03-10,280.21698
322,2012-03-17,282.63324
323,2012-03-24,282.1452
324,2012-03-31,283.7496
325,2012-04-07,282.0315
326,2012-04-14,284.8223
327,2012-04-21,284.78912
328,2012-04-28,286.49927
329,2012-05-05,290.47614
330,2012-05-12,290.832
331,2012-05-19,289.6411
332,2012-05-26,289.49286
333,2012-06-02,294.6274
334,2012-06-09,295.59787
335,2012-06-16,295.78058
336,2012-06-23,298.17047
337,2012-06-30,295.4847
338,2012-07-07,296.87753
339,2012-07-14,295.57065
340,2012-07-21,294.27692
341,2012-07-28,299.86432
342,2012-08-04,300.20645
343,2012-08-11,299.27533
344,2012-08-18,296.93585
345,2012-08-25,296.6653
346,2012-09-01,298.20477
347,2012-09-08,299.8653
348,2012-09-15,298.3201
349,2012-09-22,295.87418
350,2012-09-29,297.1467
351,2012-10-06,292.45255
352,2012-10-13,292.26035
353,2012-10-20,292.17694
354,2012-10-27,291.38455
355,2012-11-03,286.52908
356,2012-11-10,287.85635
357,2012-11-17,280.9531
358,2012-11-24,280.7818
359,2012-12-01,279.7639
360,2012-12-08,277.95126
361,2012-12-15,280.1972
362,2012-12-22,281.33102
363,2012-12-29,278.89886
364,2013-01-07,277.81693
365,2013-01-14,277.41238
366,2013-01-21,275.5939
367,2013-01-28,279.05835
368,2013-02-04,275.6365
369,2013-02-11,273.79202
370,2013-02-18,273.3862
371,2013-02-25,278.43356
372,2013-03-04,283.0595
373,2013-03-11,279.13654
374,2013-03-18,276.73584
375,2013-03-25,277.689
376,2013-04-01,288.69238
377,2013-04-08,283.89297
378,2013-04-15,284.6695
379,2013-04-22,287.5525
380,2013-04-29,288.71558
381,2013-05-06,288.33115
382,2013-05-13,291.36166
383,2013-05-20,292.808
384,2013-05-27,296.27805
385,2013-06-03,295.04135
386,2013-06-10,292.8273
387,2013-06-17,296.5378
388,2013-06-24,296.8831
389,2013-07-01,293.52826
390,2013-07-08,294.7825
391,2013-07-15,295.9108
392,2013-07-22,297.84674
393,2013-07-29,301.46698
394,2013-08-05,301.22943
395,2013-08-12,300.46774
396,2013-08-19,301.4248
397,2013-08-26,298.23495
398,2013-09-02,295.4645
399,2013-09-09,292.4771
400,2013-09-16,291.23633
401,2013-09-23,293.7348
402,2013-09-30,294.25458
403,2013-10-07,293.67728
404,2013-10-14,293.10114
405,2013-10-21,287.52634
406,2013-10-28,287.60928
407,2013-11-04,286.2215
408,2013-11-11,284.57712
409,2013-11-18,284.77045
410,2013-11-25,283.5694
411,2013-12-02,280.3987
412,2013-12-09,277.64542
413,2013-12-16,280.37262
414,2013-12-23,281.60178
415,2013-12-30,278.26718
416,2014-01-07,275.07498
417,2014-01-14,275.57513
418,2014-01-21,276.25604
419,2014-01-28,277.01538
420,2014-02-04,280.68982
421,2014-02-11,281.57184
422,2014-02-18,279.91544
423,2014-02-25,280.46866
424,2014-03-04,280.03232
425,2014-03-11,281.1364
426,2014-03-18,285.4782
427,2014-03-25,283.27225
428,2014-04-01,285.96255
429,2014-04-08,287.05576
430,2014-04-15,287.1132
431,2014-04-22,286.3564
432,2014-04-29,288.705
433,2014-05-06,292.08902
434,2014-05-13,289.91626
435,2014-05-20,293.5967
436,2014-05-27,295.05585
437,2014-06-03,296.29538
438,2014-06-10,299.16513
439,2014-06-17,300.45944
440,2014-06-24,295.29562
441,2014-07-01,295.60345
442,2014-07-08,299.84424
443,2014-07-15,299.98502
444,2014-07-22,294.31406
445,2014-07-29,294.64642
446,2014-08-05,292.89545
447,2014-08-12,297.04214
448,2014-08-19,301.06113
449,2014-08-26,299.7331
450,2014-09-02,296.41104
451,2014-09-09,295.97055
452,2014-09-16,295.8104
453,2014-09-23,293.1332
454,2014-09-30,291.62677
455,2014-10-07,294.13797
456,2014-10-14,292.56998
457,2014-10-21,287.92804
458,2014-10-28,282.73074
459,2014-11-04,284.1115
460,2014-11-11,282.77487
461,2014-11-18,283.32056
462,2014-11-25,279.93845
463,2014-12-02,280.53372
464,2014-12-09,277.99646
465,2014-12-16,278.084
466,2014-12-23,279.83075
467,2014-12-30,282.0654
468,2015-01-07,279.61374
469,2015-01-14,278.12836
470,2015-01-21,278.33932
471,2015-01-28,279.27588
472,2015-02-04,279.91
473,2015-02-11,281.21313
474,2015-02-18,281.5358
475,2015-02-25,281.8101
476,2015-03-04,283.42416
477,2015-03-11,281.43665
478,2015-03-18,284.28854
479,2015-03-25,284.96176
480,2015-04-01,286.5633
481,2015-04-08,285.66653
482,2015-04-15,286.634
483,2015-04-22,287.75284
484,2015-04-29,285.5075
485,2015-05-06,288.97256
486,2015-05-13,292.45135
487,2015-05-20,290.1097
488,2015-05-27,292.2894
489,2015-06-03,292.60483
490,2015-06-10,293.66498
491,2015-06-17,297.94086
492,2015-06-24,295.3343
493,2015-07-01,296.50626
494,2015-07-08,297.50925
495,2015-07-15,294.4599
496,2015-07-22,295.0462
497,2015-07-29,295.9206
498,2015-08-05,300.0875
499,2015-08-12,302.38605
500,2015-08-19,300.72073
501,2015-08-26,299.92816
502,2015-09-02,295.58252
503,2015-09-09,294.63986
504,2015-09-16,291.40213
505,2015-09-23,290.09186
506,2015-09-30,288.7562
507,2015-10-07,291.3958
508,2015-10-14,288.17584
509,2015-10-21,287.38126
510,2015-10-28,288.69974
511,2015-11-04,286.55774
512,2015-11-11,285.16205
513,2015-11-18,285.6262
514,2015-11-25,285.06314
515,2015-12-02,282.38605
516,2015-12-09,281.84186
517,2015-12-16,280.0008
518,2015-12-23,276.29358
519,2015-12-30,274.7181
520,2016-01-07,274.08908
521,2016-01-14,276.22528
522,2016-01-21,275.71613
523,2016-01-28,276.95966
524,2016-02-04,276.5233
525,2016-02-11,278.67755
526,2016-02-18,277.96838
527,2016-02-25,278.90936
528,2016-03-03,279.25922
529,2016-03-10,280.61423
530,2016-03-17,283.98593
531,2016-03-24,282.7931
532,2016-03-31,283.72757
533,2016-04-07,288.22714
534,2016-04-14,285.27783
535,2016-04-21,289.56686
536,2016-04-28,287.48102
537,2016-05-05,287.8933
538,2016-05-12,290.9753
539,2016-05-19,293.4257
540,2016-05-26,292.41562
541,2016-06-02,292.1772
542,2016-06-09,291.80807
543,2016-06-16,292.58954
544,2016-06-23,294.44028
545,2016-06-30,295.5004
546,2016-07-07,297.1423
547,2016-07-14,299.88348
548,2016-07-21,298.65424
549,2016-07-28,297.34348
550,2016-08-04,296.5208
551,2016-08-11,294.16177
552,2016-08-18,296.22308
553,2016-08-25,294.62912
554,2016-09-01,297.76334
555,2016-09-08,297.27155
556,2016-09-15,299.86572
557,2016-09-22,296.94574
558,2016-09-29,294.23013
559,2016-10-06,295.13278
560,2016-10-13,293.41486
561,2016-10-20,290.01193
562,2016-10-27,289.11896
563,2016-11-03,284.38892
564,2016-11-10,282.07318
565,2016-11-17,279.26242
566,2016-11-24,281.90677
567,2016-12-01,279.90363
568,2016-12-08,279.22696
569,2016-12-15,282.5339
570,2016-12-22,278.69547
571,2016-12-29,279.35117
572,2017-01-07,278.98288
573,2017-01-14,281.66702
574,2017-01-21,276.87592
575,2017-01-28,277.00336
576,2017-02-04,278.1854
577,2017-02-11,279.84512
578,2017-02-18,282.09662
579,2017-02-25,282.0238
580,2017-03-04,281.48715
581,2017-03-11,282.68246
582,2017-03-18,286.11005
583,2017-03-25,285.50192
584,2017-04-01,285.01324
585,2017-04-08,285.88727
586,2017-04-15,288.23843
587,2017-04-22,290.2712
588,2017-04-29,290.14212
589,2017-05-06,289.63763
590,2017-05-13,289.459
591,2017-05-20,292.27127
592,2017-05-27,292.16016
593,2017-06-03,293.94498
594,2017-06-10,295.24545
595,2017-06-17,293.27203
596,2017-06-24,294.62152
597,2017-07-01,294.72144
598,2017-07-08,297.05637
599,2017-07-15,300.08395
600,2017-07-22,297.7248
601,2017-07-29,295.5217
602,2017-08-05,296.8788
603,2017-08-12,296.84708
604,2017-08-19,298.1502
605,2017-08-26,299.86545
606,2017-09-02,298.9189
607,2017-09-09,298.73047
608,2017-09-16,300.36444
609,2017-09-23,294.73224
610,2017-09-30,291.90668
611,2017-10-07,289.09402
612,2017-10-14,290.497
613,2017-10-21,287.6494
614,2017-10-28,286.03616
615,2017-11-04,288.14917
616,2017-11-11,284.20822
617,2017-11-18,284.3029
618,2017-11-25,282.13428
619,2017-12-02,280.09943
620,2017-12-09,280.62842
621,2017-12-16,278.71536
622,2017-12-23,275.95105
623,2017-12-30,278.82632
624,2018-01-07,280.06815
625,2018-01-14,278.82364
626,2018-01-21,280.3975
627,2018-01-28,279.999
628,2018-02-04,279.69034
629,2018-02-11,279.15485
630,2018-02-18,278.5357
631,2018-02-25,282.65732
632,2018-03-04,283.497
633,2018-03-11,281.91937
634,2018-03-18,283.7419
635,2018-03-25,283.28378
636,2018-04-01,285.3452
637,2018-04-08,288.7108
638,2018-04-15,287.20657
639,2018-04-22,287.45877
640,2018-04-29,289.37442
641,2018-05-06,292.2747
642,2018-05-13,294.83035
643,2018-05-20,292.86942
644,2018-05-27,294.80722
645,2018-06-03,295.31
646,2018-06-10,292.82184
647,2018-06-17,293.11127
648,2018-06-24,294.88412
649,2018-07-01,296.9708
650,2018-07-08,300.2126
651,2018-07-15,299.4698
652,2018-07-22,299.73737
653,2018-07-29,299.97992
654,2018-08-05,299.38547
655,2018-08-12,300.42844
656,2018-08-19,296.1319
657,2018-08-26,294.0195
658,2018-09-02,300.98785
659,2018-09-09,299.59293
660,2018-09-16,300.504
661,2018-09-23,296.6768
662,2018-09-30,292.73502
663,2018-10-07,288.9413
664,2018-10-14,288.40555
665,2018-10-21,287.9091
666,2018-10-28,286.9052
667,2018-11-04,288.5596
668,2018-11-11,282.43207
669,2018-11-18,278.21448
670,2018-11-25,278.98715
671,2018-12-02,277.8988
672,2018-12-09,274.2452
673,2018-12-16,274.44736
674,2018-12-23,275.15097
675,2018-12-30,276.47586
676,2019-01-07,276.47003
677,2019-01-14,276.92242
678,2019-01-21,276.3863
679,2019-01-28,277.408
680,2019-02-04,277.46933
681,2019-02-11,277.4525
682,2019-02-18,279.0649
683,2019-02-25,279.3936
684,2019-03-04,278.6508
685,2019-03-11,282.03882
686,2019-03-18,284.6206
687,2019-03-25,284.64105
688,2019-04-01,288.36508
689,2019-04-08,289.91574
690,2019-04-15,285.53818
691,2019-04-22,286.01913
692,2019-04-29,285.1642
693,2019-05-06,287.59668
694,2019-05-13,290.58984
695,2019-05-20,291.93256
696,2019-05-27,289.65353
697,2019-06-03,291.42215
698,2019-06-10,295.91928
699,2019-06-17,295.83957
700,2019-06-24,295.6678
701,2019-07-01,298.00018
702,2019-07-08,298.56693
703,2019-07-15,296.32526
704,2019-07-22,293.928
705,2019-07-29,298.19708
706,2019-08-05,295.3531
707,2019-08-12,296.86664
708,2019-08-19,298.58926
709,2019-08-26,297.71286
710,2019-09-02,295.45563
711,2019-09-09,294.7622
712,2019-09-16,295.2691
713,2019-09-23,293.02777
714,2019-09-30,291.264
715,2019-10-07,290.8161
716,2019-10-14,291.2858
717,2019-10-21,290.3674
718,2019-10-28,288.57254
719,2019-11-04,284.98276
720,2019-11-11,282.44135
721,2019-11-18,284.5655
722,2019-11-25,281.4284
723,2019-12-02,276.03818
724,2019-12-09,274.3237
725,2019-12-16,274.78293
726,2019-12-23,276.1289
727,2019-12-30,276.02496
0,2020-01-07,280.1935
1,2020-01-14,278.2231
2,2020-01-21,277.67337
3,2020-01-28,279.3354
4,2020-02-04,281.88165
5,2020-02-11,280.84805
6,2020-02-18,281.5326
7,2020-02-25,282.47147
8,2020-03-03,283.82797
9,2020-03-10,282.85794
10,2020-03-17,284.31
11,2020-03-24,284.04303
12,2020-03-31,283.74023
13,2020-04-07,287.45416
14,2020-04-14,288.01166
15,2020-04-21,285.3732
16,2020-04-28,288.01813
17,2020-05-05,288.2394
18,2020-05-12,291.03757
19,2020-05-19,290.98407
20,2020-05-26,293.18848
21,2020-06-02,294.7849
22,2020-06-09,294.0188
23,2020-06-16,294.84225
24,2020-06-23,293.2028
25,2020-06-30,296.92026
26,2020-07-07,295.82034
27,2020-07-14,294.18915
28,2020-07-21,297.2493
29,2020-07-28,296.51712
30,2020-08-04,297.17502
31,2020-08-11,299.49982
32,2020-08-18,298.12155
33,2020-08-25,298.58228
34,2020-09-01,297.30313
35,2020-09-08,297.43802
36,2020-09-15,294.07028
37,2020-09-22,293.4855
38,2020-09-29,293.17862
39,2020-10-06,291.70795
40,2020-10-13,290.08997
41,2020-10-20,290.0673
42,2020-10-27,290.59103
43,2020-11-03,285.1415
44,2020-11-10,284.80887
45,2020-11-17,281.7832
46,2020-11-24,278.1092
47,2020-12-01,280.03326
48,2020-12-08,281.10153
49,2020-12-15,280.90363
50,2020-12-22,279.04172
51,2020-12-29,279.2312
52,2021-01-07,281.40427
53,2021-01-14,281.5945
54,2021-01-21,280.39194
55,2021-01-28,281.1154
56,2021-02-04,282.0626
57,2021-02-11,281.30032
58,2021-02-18,282.92508
59,2021-02-25,284.3134
60,2021-03-04,285.0568
61,2021-03-11,285.36975
62,2021-03-18,284.34283
63,2021-03-25,284.45267
64,2021-04-01,288.5239
65,2021-04-08,289.68484
66,2021-04-15,286.08798
67,2021-04-22,286.9956
68,2021-04-29,291.28842
69,2021-05-06,288.5557
70,2021-05-13,291.43793
71,2021-05-20,291.81808
72,2021-05-27,292.70096
73,2021-06-03,293.81403
74,2021-06-10,292.91147
75,2021-06-17,298.69052
76,2021-06-24,294.29398
77,2021-07-01,296.26205
78,2021-07-08,296.59976
79,2021-07-15,301.7769
80,2021-07-22,300.6762
81,2021-07-29,298.04025
82,2021-08-05,296.17606
83,2021-08-12,296.67657
84,2021-08-19,298.40594
85,2021-08-26,297.32007
86,2021-09-02,298.03583
87,2021-09-09,294.76605
88,2021-09-16,293.5978
89,2021-09-23,293.21622
90,2021-09-30,292.1629
91,2021-10-07,291.5759
92,2021-10-14,290.19406
93,2021-10-21,292.04138
94,2021-10-28,288.59482
95,2021-11-04,287.5743
96,2021-11-11,286.38394
97,2021-11-18,281.89914
98,2021-11-25,279.86273
99,2021-12-02,281.39383
100,2021-12-09,278.88004
101,2021-12-16,276.58633
102,2021-12-23,276.08304
103,2021-12-30,277.7822
104,2022-01-07,276.6704
105,2022-01-14,276.93915
106,2022-01-21,278.7317
107,2022-01-28,275.6948
108,2022-02-04,278.59518
109,2022-02-11,282.97623
110,2022-02-18,281.69366
111,2022-02-25,280.34128
112,2022-03-04,278.16876
113,2022-03-11,278.15518
114,2022-03-18,282.66702
115,2022-03-25,284.24106
116,2022-04-01,285.7637
117,2022-04-08,285.79593
118,2022-04-15,287.1999
119,2022-04-22,289.7659
120,2022-04-29,290.94193
121,2022-05-06,287.48138
122,2022-05-13,291.61575
123,2022-05-20,295.5532
124,2022-05-27,296.75766
125,2022-06-03,298.1716
126,2022-06-10,299.3663
127,2022-06-17,297.1787
128,2022-06-24,294.72168
129,2022-07-01,295.3041
130,2022-07-08,296.99268
131,2022-07-15,301.32736
132,2022-07-22,302.0058
133,2022-07-29,299.51022
134,2022-08-05,295.14307
135,2022-08-12,299.9367
136,2022-08-19,298.50467
137,2022-08-26,298.4335
138,2022-09-02,294.11118
139,2022-09-09,297.472
140,2022-09-16,296.95746
141,2022-09-23,293.05203
142,2022-09-30,295.46664
143,2022-10-07,293.10696
144,2022-10-14,291.33426
145,2022-10-21,288.05743
146,2022-10-28,285.36426
147,2022-11-04,285.27914
148,2022-11-11,281.57355
149,2022-11-18,284.56363
150,2022-11-25,281.3054
151,2022-12-02,280.9223
152,2022-12-09,280.61514
153,2022-12-16,280.0699
154,2022-12-23,278.17078
155,2022-12-30,279.44968
156,2023-01-07,277.31693
157,2023-01-14,274.92996
158,2023-01-21,273.65543
159,2023-01-28,278.66476
160,2023-02-04,281.26068
161,2023-02-11,279.63956
162,2023-02-18,280.44742
163,2023-02-25,280.8608
164,2023-03-04,278.48642
165,2023-03-11,279.37744
166,2023-03-18,282.3453
167,2023-03-25,284.05682
168,2023-04-01,284.15588
169,2023-04-08,285.99603
170,2023-04-15,286.67444
171,2023-04-22,288.33716
172,2023-04-29,287.86273
173,2023-05-06,290.63657
174,2023-05-13,291.50864
175,2023-05-20,292.79593
176,2023-05-27,293.92166
177,2023-06-03,293.4592
178,2023-06-10,296.674
179,2023-06-17,297.36087
180,2023-06-24,299.60577
181,2023-07-01,294.10962
182,2023-07-08,296.55463
183,2023-07-15,297.77777
184,2023-07-22,296.92307
185,2023-07-29,298.11615
186,2023-08-05,300.1285
187,2023-08-12,301.0895
188,2023-08-19,296.3893
189,2023-08-26,297.94876
190,2023-09-02,294.07953
191,2023-09-09,293.86908
192,2023-09-16,292.87247
193,2023-09-23,291.6299
194,2023-09-30,292.9649
195,2023-10-07,292.2781
196,2023-10-14,289.4648
197,2023-10-21,288.37408
198,2023-10-28,289.58066
199,2023-11-04,285.42493
200,2023-11-11,286.85916
201,2023-11-18,283.83484
202,2023-11-25,281.47943
203,2023-12-02,282.30304
204,2023-12-09,281.23886
205,2023-12-16,279.86182
206,2023-12-23,278.47568
207,2023-12-30,276.87845
208,2024-01-07,277.61682
209,2024-01-14,277.55508
210,2024-01-21,277.24347
211,2024-01-28,279.34824
212,2024-02-04,278.7586
213,2024-02-11,278.2721
214,2024-02-18,279.52237
215,2024-02-25,281.8106
216,2024-03-03,282.6426
217,2024-03-10,284.00394
218,2024-03-17,282.88293
219,2024-03-24,282.46494
220,2024-03-31,287.1488
221,2024-04-07,291.59137
222,2024-04-14,291.81668
223,2024-04-21,288.67416
224,2024-04-28,291.70978
225,2024-05-05,291.89438
226,2024-05-12,290.38504
227,2024-05-19,291.748
228,2024-05-26,295.69995
229,2024-06-02,294.76492
230,2024-06-09,297.02582
231,2024-06-16,299.74808
232,2024-06-23,299.54303
233,2024-06-30,297.2701
234,2024-07-07,297.6865
235,2024-07-14,296.61423
236,2024-07-21,300.889
237,2024-07-28,296.45795
238,2024-08-04,296.75385
239,2024-08-11,296.2244
240,2024-08-18,295.15744
241,2024-08-25,297.4016
242,2024-09-01,298.5893
243,2024-09-08,300.79712
244,2024-09-15,297.3592
245,2024-09-22,294.07104
246,2024-09-29,289.86694
247,2024-10-06,288.82217
248,2024-10-13,289.0093
249,2024-10-20,290.86493
250,2024-10-27,288.77954
251,2024-11-03,284.11017
252,2024-11-10,287.9498
253,2024-11-17,283.6755
254,2024-11-24,281.2531
255,2024-12-01,280.74014
256,2024-12-08,276.60547
257,2024-12-15,275.26917
258,2024-12-22,277.52542
259,2024-12-29,276.57306
260,2025-01-07,278.63016
261,2025-01-14,279.55014
262,2025-01-21,281.04404
263,2025-01-28,277.89764
264,2025-02-04,277.21738
265,2025-02-11,278.7114
266,2025-02-18,282.5644
267,2025-02-25,278.11133
268,2025-03-04,282.92706
269,2025-03-11,284.64645
270,2025-03-18,285.8576
271,2025-03-25,285.9106
272,2025-04-01,285.46515
273,2025-04-08,283.73862
274,2025-04-15,289.0093
275,2025-04-22,291.3597
276,2025-04-29,291.1746
277,2025-05-06,290.1976
278,2025-05-13,289.99615
279,2025-05-20,290.77383
280,2025-05-27,292.7654
281,2025-06-03,292.0705
282,2025-06-10,293.16095
283,2025-06-17,293.66507
284,2025-06-24,292.93024
285,2025-07-01,294.82608
286,2025-07-08,293.80908
287,2025-07-15,295.0097
288,2025-07-22,298.4822
289,2025-07-29,296.56076
290,2025-08-05,297.37518
291,2025-08-12,298.7741
292,2025-08-19,299.21442
293,2025-08-26,298.99686
294,2025-09-02,298.5837
295,2025-09-09,298.7984
296,2025-09-16,297.93082
297,2025-09-23,295.59375
298,2025-09-30,295.54233
299,2025-10-07,294.17026
300,2025-10-14,291.4586
301,2025-10-21,288.4265
302,2025-10-28,286.5097
303,2025-11-04,289.959
304,2025-11-11,284.91794
305,2025-11-18,286.29233
306,2025-11-25,281.83102
307,2025-12-02,279.36832
308,2025-12-09,276.0917
309,2025-12-16,279.42496
310,2025-12-23,275.9693
311,2025-12-30,277.02817
312,2026-01-07,278.65033
313,2026-01-14,277.21915
314,2026-01-21,276.77115
315,2026-01-28,280.9949
316,2026-02-04,281.65335
317,2026-02-11,282.69107
318,2026-02-18,283.21347
319,2026-02-25,280.12076
320,2026-03-04,283.53925
321,2026-03-11,284.5039
322,2026-03-18,284.37216
323,2026-03-25,285.42804
324,2026-04-01,285.52588
325,2026-04-08,288.03802
326,2026-04-15,289.84085
327,2026-04-22,286.5324
328,2026-04-29,287.4875
329,2026-05-06,291.84534
330,2026-05-13,291.47888
331,2026-05-20,294.70972
332,2026-05-27,295.79498
333,2026-06-03,295.35812
334,2026-06-10,293.94522
335,2026-06-17,295.93906
336,2026-06-24,293.43283
337,2026-07-01,293.07706
338,2026-07-08,299.3779
339,2026-07-15,298.57748
340,2026-07-22,298.14484
341,2026-07-29,296.84555
342,2026-08-05,297.84766
343,2026-08-12,297.44034
344,2026-08-19,295.64883
345,2026-08-26,295.955
346,2026-09-02,298.3293
347,2026-09-09,297.79892
348,2026-09-16,299.64438
349,2026-09-23,293.44867
350,2026-09-30,292.13055
351,2026-10-07,291.50983
352,2026-10-14,289.64005
353,2026-10-21,285.5606
354,2026-10-28,287.52142
355,2026-11-04,287.2508
356,2026-11-11,283.61258
357,2026-11-18,280.63803
358,2026-11-25,277.89453
359,2026-12-02,279.8092
360,2026-12-09,279.0615
361,2026-12-16,280.46243
362,2026-12-23,277.65854
363,2026-12-30,278.42557
364,2027-01-07,281.36066
365,2027-01-14,279.15652
366,2027-01-21,280.01752
367,2027-01-28,281.71848
368,2027-02-04,281.2646
369,2027-02-11,281.28873
370,2027-02-18,281.85538
371,2027-02-25,280.60605
372,2027-03-04,280.77493
373,2027-03-11,284.35626
374,2027-03-18,284.82013
375,2027-03-25,287.68332
376,2027-04-01,287.06412
377,2027-04-08,285.96735
378,2027-04-15,288.23932
379,2027-04-22,290.37173
380,2027-04-29,288.35306
381,2027-05-06,289.85052
382,2027-05-13,294.0616
383,2027-05-20,292.21152
384,2027-05-27,292.1342
385,2027-06-03,293.94528
386,2027-06-10,293.30008
387,2027-06-17,293.61057
388,2027-06-24,297.14792
389,2027-07-01,294.44748
390,2027-07-08,296.42722
391,2027-07-15,301.0441
392,2027-07-22,300.2768
393,2027-07-29,295.80515
394,2027-08-05,294.61157
395,2027-08-12,296.79404
396,2027-08-19,300.20514
397,2027-08-26,298.90555
398,2027-09-02,294.3596
399,2027-09-09,294.7862
400,2027-09-16,296.58978
401,2027-09-23,298.1732
402,2027-09-30,292.54483
403,2027-10-07,289.21234
404,2027-10-14,288.15213
405,2027-10-21,285.16132
406,2027-10-28,285.34232
407,2027-11-04,279.74414
408,2027-11-11,279.04147
409,2027-11-18,276.85406
410,2027-11-25,281.5609
411,2027-12-02,280.68756
412,2027-12-09,280.66135
413,2027-12-16,276.94974
414,2027-12-23,274.79974
415,2027-12-30,276.18576
416,2028-01-07,276.74783
417,2028-01-14,277.0179
418,2028-01-21,276.29407
419,2028-01-28,278.19122
420,2028-02-04,279.30386
421,2028-02-11,280.9217
422,2028-02-18,281.96054
423,2028-02-25,282.91666
424,2028-03-03,283.92593
425,2028-03-10,283.52017
426,2028-03-17,285.08472
427,2028-03-24,286.0719
428,2028-03-31,286.59686
429,2028-04-07,286.0497
430,2028-04-14,285.53293
431,2028-04-21,287.88943
432,2028-04-28,288.21945
433,2028-05-05,292.66364
434,2028-05-12,293.0831
435,2028-05-19,292.20795
436,2028-05-26,294.84235
437,2028-06-02,295.47318
438,2028-06-09,293.62164
439,2028-06-16,296.20883
440,2028-06-23,298.8413
441,2028-06-30,294.7847
442,2028-07-07,297.01764
443,2028-07-14,298.2142
444,2028-07-21,298.85318
445,2028-07-28,296.01318
446,2028-08-04,298.1103
447,2028-08-11,296.99316
448,2028-08-18,294.43936
449,2028-08-25,296.3328
450,2028-09-01,297.6977
451,2028-09-08,297.90543
452,2028-09-15,298.32675
453,2028-09-22,294.38037
454,2028-09-29,295.79428
455,2028-10-06,292.09674
456,2028-10-13,289.00558
457,2028-10-20,290.55737
458,2028-10-27,289.5856
459,2028-11-03,287.1555
460,2028-11-10,286.6549
461,2028-11-17,280.07086
462,2028-11-24,282.8772
463,2028-12-01,279.75323
464,2028-12-08,274.90964
465,2028-12-15,275.53415
466,2028-12-22,276.85202
467,2028-12-29,279.0526
468,2029-01-07,278.589
469,2029-01-14,279.14627
470,2029-01-21,278.5578
471,2029-01-28,279.88245
472,2029-02-04,279.57172
473,2029-02-11,278.95215
474,2029-02-18,278.5488
475,2029-02-25,278.9522
476,2029-03-04,280.2242
477,2029-03-11,283.44574
478,2029-03-18,286.4794
479,2029-03-25,286.4536
480,2029-04-01,283.202
481,2029-04-08,285.51266
482,2029-04-15,289.3923
483,2029-04-22,290.50967
484,2029-04-29,290.56107
485,2029-05-06,291.23953
486,2029-05-13,293.47803
487,2029-05-20,293.56967
488,2029-05-27,295.28278
489,2029-06-03,295.95163
490,2029-06-10,292.90787
491,2029-06-17,296.53757
492,2029-06-24,298.05084
493,2029-07-01,296.8503
494,2029-07-08,297.0461
495,2029-07-15,301.05756
496,2029-07-22,294.70923
497,2029-07-29,299.145
498,2029-08-05,304.02606
499,2029-08-12,299.87653
500,2029-08-19,299.1574
501,2029-08-26,300.58844
502,2029-09-02,294.27902
503,2029-09-09,295.91718
504,2029-09-16,299.95062
505,2029-09-23,299.4439
506,2029-09-30,293.25278
507,2029-10-07,290.0862
508,2029-10-14,288.6478
509,2029-10-21,285.4816
510,2029-10-28,286.85703
511,2029-11-04,286.35068
512,2029-11-11,284.67923
513,2029-11-18,287.3938
514,2029-11-25,284.74643
515,2029-12-02,281.5563
516,2029-12-09,278.67096
517,2029-12-16,281.00497
518,2029-12-23,280.81586
519,2029-12-30,276.9915
0,2030-01-07,278.90714
1,2030-01-14,276.57748
2,2030-01-21,279.97934
3,2030-01-28,281.02637
4,2030-02-04,280.38516
5,2030-02-11,283.12753
6,2030-02-18,283.3493
7,2030-02-25,281.6806
8,2030-03-04,283.70822
9,2030-03-11,286.05527
10,2030-03-18,286.4184
11,2030-03-25,284.6641
12,2030-04-01,285.05518
13,2030-04-08,287.1871
14,2030-04-15,289.33942
15,2030-04-22,293.37888
16,2030-04-29,291.116
17,2030-05-06,292.53226
18,2030-05-13,295.722
19,2030-05-20,292.62042
20,2030-05-27,295.45117
21,2030-06-03,297.87338
22,2030-06-10,298.68573
23,2030-06-17,302.99042
24,2030-06-24,297.07773
25,2030-07-01,296.79788
26,2030-07-08,299.86896
27,2030-07-15,301.9743
28,2030-07-22,300.60757
29,2030-07-29,305.2849
30,2030-08-05,305.65015
31,2030-08-12,301.35547
32,2030-08-19,299.02863
33,2030-08-26,298.76227
34,2030-09-02,298.57858
35,2030-09-09,298.72018
36,2030-09-16,298.49728
37,2030-09-23,295.01175
38,2030-09-30,295.4548
39,2030-10-07,290.93723
40,2030-10-14,288.62604
41,2030-10-21,286.93094
42,2030-10-28,282.26907
43,2030-11-04,285.75235
44,2030-11-11,278.7954
45,2030-11-18,278.15314
46,2030-11-25,280.04608
47,2030-12-02,278.90915
48,2030-12-09,278.0482
49,2030-12-16,278.30658
50,2030-12-23,278.3256
51,2030-12-30,277.908
52,2031-01-07,276.6162
53,2031-01-14,275.2355
54,2031-01-21,276.2831
55,2031-01-28,277.13373
56,2031-02-04,276.14172
57,2031-02-11,277.62537
58,2031-02-18,279.17557
59,2031-02-25,283.19687
60,2031-03-04,285.26477
61,2031-03-11,286.43335
62,2031-03-18,287.13852
63,2031-03-25,284.63242
64,2031-04-01,285.62006
65,2031-04-08,286.95416
66,2031-04-15,288.28043
67,2031-04-22,292.0656
68,2031-04-29,291.30713
69,2031-05-06,288.82516
70,2031-05-13,292.97366
71,2031-05-20,293.53937
72,2031-05-27,294.91183
73,2031-06-03,295.26663
74,2031-06-10,298.65723
75,2031-06-17,297.43765
76,2031-06-24,294.05243
77,2031-07-01,296.93588
78,2031-07-08,298.0217
79,2031-07-15,296.15646
80,2031-07-22,301.7369
81,2031-07-29,302.85287
82,2031-08-05,299.17252
83,2031-08-12,300.76547
84,2031-08-19,301.0874
85,2031-08-26,300.74658
86,2031-09-02,302.57367
87,2031-09-09,302.67896
88,2031-09-16,298.47632
89,2031-09-23,299.17636
90,2031-09-30,297.66635
91,2031-10-07,293.92993
92,2031-10-14,289.67316
93,2031-10-21,289.19577
94,2031-10-28,287.7971
95,2031-11-04,285.68805
96,2031-11-11,284.75616
97,2031-11-18,282.17603
98,2031-11-25,278.21735
99,2031-12-02,280.6302
100,2031-12-09,281.38818
101,2031-12-16,281.1749
102,2031-12-23,275.44138
103,2031-12-30,276.98355
104,2032-01-07,278.72363
105,2032-01-14,278.39667
106,2032-01-21,277.90622
107,2032-01-28,276.09018
108,2032-02-04,277.83337
109,2032-02-11,281.65506
110,2032-02-18,279.07
111,2032-02-25,279.16342
112,2032-03-03,280.84055
113,2032-03-10,280.39276
114,2032-03-17,282.06577
115,2032-03-24,281.78326
116,2032-03-31,284.39362
117,2032-04-07,286.24484
118,2032-04-14,286.6596
119,2032-04-21,287.10535
120,2032-04-28,288.0048
121,2032-05-05,288.28156
122,2032-05-12,289.40964
123,2032-05-19,294.7163
124,2032-05-26,292.273
125,2032-06-02,293.2286
126,2032-06-09,297.14453
127,2032-06-16,297.95206
128,2032-06-23,297.44406
129,2032-06-30,292.7363
130,2032-07-07,296.16107
131,2032-07-14,299.61966
132,2032-07-21,300.2126
133,2032-07-28,298.1274
134,2032-08-04,297.21188
135,2032-08-11,297.7354
136,2032-08-18,296.79495
137,2032-08-25,297.87766
138,2032-09-01,294.5491
139,2032-09-08,295.7741
140,2032-09-15,295.59897
141,2032-09-22,294.4165
142,2032-09-29,294.89703
143,2032-10-06,290.65073
144,2032-10-13,287.10214
145,2032-10-20,289.4598
146,2032-10-27,289.60977
147,2032-11-03,286.75018
148,2032-11-10,285.82767
149,2032-11-17,286.3786
150,2032-11-24,281.345
151,2032-12-01,282.09274
152,2032-12-08,278.43298
153,2032-12-15,276.86606
154,2032-12-22,276.49234
155,2032-12-29,277.9944
156,2033-01-07,280.33957
157,2033-01-14,281.16275
158,2033-01-21,279.1137
159,2033-01-28,279.37982
160,2033-02-04,278.6385
161,2033-02-11,281.27127
162,2033-02-18,280.38123
163,2033-02-25,283.6811
164,2033-03-04,284.8309
165,2033-03-11,284.36914
166,2033-03-18,282.89728
167,2033-03-25,284.61667
168,2033-04-01,284.78876
169,2033-04-08,284.9102
170,2033-04-15,286.23804
171,2033-04-22,288.85593
172,2033-04-29,290.3642
173,2033-05-06,291.3453
174,2033-05-13,290.90213
175,2033-05-20,293.1605
176,2033-05-27,293.4472
177,2033-06-03,295.8199
178,2033-06-10,298.8499
179,2033-06-17,295.0853
180,2033-06-24,292.8526
181,2033-07-01,298.60092
182,2033-07-08,300.34772
183,2033-07-15,297.3435
184,2033-07-22,298.70462
185,2033-07-29,295.75034
186,2033-08-05,297.6364
187,2033-08-12,296.29666
188,2033-08-19,301.25467
189,2033-08-26,300.1356
190,2033-09-02,298.3406
191,2033-09-09,296.3926
192,2033-09-16,294.23242
193,2033-09-23,294.53006
194,2033-09-30,292.67047
195,2033-10-07,294.77908
196,2033-10-14,290.66974
197,2033-10-21,290.17917
198,2033-10-28,289.639
199,2033-11-04,289.98907
200,2033-11-11,289.38986
201,2033-11-18,286.07596
202,2033-11-25,284.46252
203,2033-12-02,281.743
204,2033-12-09,280.34207
205,2033-12-16,282.85986
206,2033-12-23,278.8424
207,2033-12-30,277.31827
208,2034-01-07,278.45145
209,2034-01-14,277.81903
210,2034-01-21,279.71823
211,2034-01-28,278.56625
212,2034-02-04,276.9919
213,2034-02-11,279.5587
214,2034-02-18,281.1839
215,2034-02-25,281.2947
216,2034-03-04,282.96317
217,2034-03-11,284.1373
218,2034-03-18,285.2424
219,2034-03-25,286.80496
220,2034-04-01,285.61282
221,2034-04-08,283.79935
222,2034-04-15,285.79288
223,2034-04-22,288.6943
224,2034-04-29,289.52643
225,2034-05-06,289.7269
226,2034-05-13,292.72757
227,2034-05-20,293.977
228,2034-05-27,295.13214
229,2034-06-03,295.065
230,2034-06-10,295.82086
231,2034-06-17,294.75504
232,2034-06-24,295.32526
233,2034-07-01,298.6575
234,2034-07-08,299.7486
235,2034-07-15,298.6293
236,2034-07-22,302.45523
237,2034-07-29,302.6372
238,2034-08-05,300.55045
239,2034-08-12,303.12665
240,2034-08-19,303.51505
241,2034-08-26,298.55545
242,2034-09-02,293.5891
243,2034-09-09,294.6414
244,2034-09-16,295.49283
245,2034-09-23,294.9795
246,2034-09-30,295.0759
247,2034-10-07,295.0267
248,2034-10-14,288.56042
249,2034-10-21,286.09482
250,2034-10-28,287.16318
251,2034-11-04,286.98218
252,2034-11-11,284.81714
253,2034-11-18,283.04224
254,2034-11-25,283.51852
255,2034-12-02,282.65866
256,2034-12-09,281.7492
257,2034-12-16,280.58344
258,2034-12-23,278.03632
259,2034-12-30,278.55298
260,2035-01-07,276.93488
261,2035-01-14,278.75684
262,2035-01-21,277.64886
263,2035-01-28,279.48004
264,2035-02-04,279.14893
265,2035-02-11,278.36493
266,2035-02-18,281.84787
267,2035-02-25,282.23114
268,2035-03-04,280.0931
269,2035-03-11,281.66708
270,2035-03-18,285.06973
271,2035-03-25,286.95346
272,2035-04-01,290.55667
273,2035-04-08,288.64752
274,2035-04-15,285.3205
275,2035-04-22,286.38385
276,2035-04-29,289.99557
277,2035-05-06,291.3538
278,2035-05-13,289.2751
279,2035-05-20,291.05862
280,2035-05-27,293.45016
281,2035-06-03,295.0566
282,2035-06-10,293.00018
283,2035-06-17,292.3492
284,2035-06-24,296.33273
285,2035-07-01,295.57257
286,2035-07-08,299.98438
287,2035-07-15,301.79977
288,2035-07-22,298.7274
289,2035-07-29,301.34064
290,2035-08-05,304.82797
291,2035-08-12,303.8692
292,2035-08-19,301.93094
293,2035-08-26,300.20328
294,2035-09-02,300.28986
295,2035-09-09,299.9152
296,2035-09-16,296.75433
297,2035-09-23,293.92197
298,2035-09-30,295.9156
299,2035-10-07,293.01276
300,2035-10-14,289.52682
301,2035-10-21,291.72562
302,2035-10-28,288.8491
303,2035-11-04,287.12787
304,2035-11-11,283.47974
305,2035-11-18,280.0069
306,2035-11-25,278.4044
307,2035-12-02,280.7897
308,2035-12-09,283.30252
309,2035-12-16,279.0986
310,2035-12-23,275.25955
311,2035-12-30,276.48114
312,2036-01-07,280.3922
313,2036-01-14,278.84418
314,2036-01-21,279.8643
315,2036-01-28,280.7745
316,2036-02-04,277.18536
317,2036-02-11,276.98535
318,2036-02-18,278.9088
319,2036-02-25,283.21835
320,2036-03-03,282.3426
321,2036-03-10,280.8674
322,2036-03-17,282.62088
323,2036-03-24,280.08414
324,2036-03-31,283.94772
325,2036-04-07,286.95273
326,2036-04-14,286.3774
327,2036-04-21,285.9778
328,2036-04-28,288.1595
329,2036-05-05,289.25037
330,2036-05-12,289.34094
331,2036-05-19,293.5002
332,2036-05-26,294.1465
333,2036-06-02,291.17645
334,2036-06-09,292.51938
335,2036-06-16,295.3963
336,2036-06-23,297.29623
337,2036-06-30,297.24167
338,2036-07-07,297.3156
339,2036-07-14,296.60867
340,2036-07-21,297.69366
341,2036-07-28,297.15897
342,2036-08-04,299.2959
343,2036-08-11,297.87042
344,2036-08-18,299.20963
345,2036-08-25,299.82782
346,2036-09-01,295.46335
347,2036-09-08,293.96722
348,2036-09-15,295.2967
349,2036-09-22,296.47134
350,2036-09-29,293.1082
351,2036-10-06,292.5377
352,2036-10-13,294.88986
353,2036-10-20,292.4435
354,2036-10-27,290.47794
355,2036-11-03,288.11664
356,2036-11-10,284.61465
357,2036-11-17,285.76193
358,2036-11-24,284.2371
359,2036-12-01,282.79132
360,2036-12-08,281.89178
361,2036-12-15,281.89572
362,2036-12-22,277.83606
363,2036-12-29,278.51053
364,2037-01-07,277.3647
365,2037-01-14,276.80658
366,2037-01-21,276.48416
367,2037-01-28,277.05435
368,2037-02-04,277.56808
369,2037-02-11,278.68207
370,2037-02-18,278.99045
371,2037-02-25,281.72354
372,2037-03-04,283.56644
373,2037-03-11,282.11597
374,2037-03-18,281.8046
375,2037-03-25,284.60367
376,2037-04-01,283.91714
377,2037-04-08,286.77975
378,2037-04-15,288.3669
379,2037-04-22,289.50693
380,2037-04-29,290.0119
381,2037-05-06,290.76166
382,2037-05-13,291.78516
383,2037-05-20,293.3601
384,2037-05-27,294.0314
385,2037-06-03,296.76556
386,2037-06-10,299.65207
387,2037-06-17,297.69254
388,2037-06-24,302.54053
389,2037-07-01,300.3415
390,2037-07-08,301.9421
391,2037-07-15,302.03833
392,2037-07-22,298.3023
393,2037-07-29,302.8377
394,2037-08-05,301.3041
395,2037-08-12,303.07877
396,2037-08-19,299.1641
397,2037-08-26,298.45523
398,2037-09-02,298.00192
399,2037-09-09,296.86127
400,2037-09-16,295.477
401,2037-09-23,297.4913
402,2037-09-30,293.8885
403,2037-10-07,293.93546
404,2037-10-14,290.49075
405,2037-10-21,286.8943
406,2037-10-28,287.6806
407,2037-11-04,285.08096
408,2037-11-11,286.45602
409,2037-11-18,286.00665
410,2037-11-25,285.24362
411,2037-12-02,277.01657
412,2037-12-09,280.58017
413,2037-12-16,281.1828
414,2037-12-23,278.52954
415,2037-12-30,275.88254
416,2038-01-07,275.0156
417,2038-01-14,275.47275
418,2038-01-21,278.4498
419,2038-01-28,281.65628
420,2038-02-04,278.7749
421,2038-02-11,280.6341
422,2038-02-18,282.69547
423,2038-02-25,282.9067
424,2038-03-04,282.5507
425,2038-03-11,284.94736
426,2038-03-18,283.87836
427,2038-03-25,284.81393
428,2038-04-01,286.37918
429,2038-04-08,287.3322
430,2038-04-15,287.57605
431,2038-04-22,288.992
432,2038-04-29,290.84348
433,2038-05-06,289.3427
434,2038-05-13,291.85257
435,2038-05-20,296.3255
436,2038-05-27,292.5556
437,2038-06-03,294.31918
438,2038-06-10,293.32352
439,2038-06-17,293.5923
440,2038-06-24,300.1228
441,2038-07-01,296.66815
442,2038-07-08,297.45975
443,2038-07-15,303.56567
444,2038-07-22,305.28928
445,2038-07-29,296.39606
446,2038-08-05,297.49536
447,2038-08-12,298.0379
448,2038-08-19,298.17822
449,2038-08-26,301.21713
450,2038-09-02,300.4938
451,2038-09-09,298.94388
452,2038-09-16,294.06985
453,2038-09-23,293.2061
454,2038-09-30,293.2474
455,2038-10-07,290.9219
456,2038-10-14,290.4116
457,2038-10-21,288.23026
458,2038-10-28,286.93005
459,2038-11-04,286.57492
460,2038-11-11,288.0001
461,2038-11-18,287.58234
462,2038-11-25,280.90128
463,2038-12-02,279.51364
464,2038-12-09,277.2957
465,2038-12-16,278.3032
466,2038-12-23,279.78134
467,2038-12-30,276.5896
468,2039-01-07,277.0898
469,2039-01-14,279.76535
470,2039-01-21,279.63525
471,2039-01-28,281.3751
472,2039-02-04,280.1418
473,2039-02-11,280.70203
474,2039-02-18,282.55548
475,2039-02-25,280.51666
476,2039-03-04,283.22067
477,2039-03-11,283.51138
478,2039-03-18,284.4971
479,2039-03-25,284.66592
480,2039-04-01,284.80225
481,2039-04-08,286.9781
482,2039-04-15,285.93564
483,2039-04-22,289.33047
484,2039-04-29,289.82495
485,2039-05-06,289.93033
486,2039-05-13,289.18634
487,2039-05-20,291.41037
488,2039-05-27,293.6516
489,2039-06-03,296.2844
490,2039-06-10,297.62762
491,2039-06-17,297.27805
492,2039-06-24,295.57037
493,2039-07-01,297.78232
494,2039-07-08,297.06683
495,2039-07-15,298.32956
496,2039-07-22,301.80637
497,2039-07-29,305.23013
498,2039-08-05,303.93042
499,2039-08-12,300.73563
500,2039-08-19,299.7192
501,2039-08-26,299.4575
502,2039-09-02,300.4273
503,2039-09-09,303.5362
504,2039-09-16,298.21
505,2039-09-23,292.89716
506,2039-09-30,290.9875
507,2039-10-07,290.91934
508,2039-10-14,290.51773
509,2039-10-21,287.4664
510,2039-10-28,287.2066
511,2039-11-04,287.04788
512,2039-11-11,286.48553
513,2039-11-18,284.9395
514,2039-11-25,282.10742
515,2039-12-02,279.55435
516,2039-12-09,281.0154
517,2039-12-16,279.66876
518,2039-12-23,278.5475
519,2039-12-30,281.63882
0,2040-01-07,281.26913
1,2040-01-14,279.36316
2,2040-01-21,278.85025
3,2040-01-28,282.11102
4,2040-02-04,281.44434
5,2040-02-11,282.11035
6,2040-02-18,280.8868
7,2040-02-25,282.53537
8,2040-03-03,285.15125
9,2040-03-10,284.60873
10,2040-03-17,286.00967
11,2040-03-24,282.7072
12,2040-03-31,284.9084
13,2040-04-07,285.0071
14,2040-04-14,287.64566
15,2040-04-21,287.6805
16,2040-04-28,288.60672
17,2040-05-05,289.68213
18,2040-05-12,288.44443
19,2040-05-19,291.91925
20,2040-05-26,293.28394
21,2040-06-02,295.1634
22,2040-06-09,297.59396
23,2040-06-16,295.38998
24,2040-06-23,293.8162
25,2040-06-30,296.91092
26,2040-07-07,299.4247
27,2040-07-14,300.6672
28,2040-07-21,300.21542
29,2040-07-28,300.65863
30,2040-08-04,299.71942
31,2040-08-11,299.93863
32,2040-08-18,302.50293
33,2040-08-25,299.55908
34,2040-09-01,296.5792
35,2040-09-08,295.26602
36,2040-09-15,296.6302
37,2040-09-22,292.54474
38,2040-09-29,291.65643
39,2040-10-06,294.42212
40,2040-10-13,293.5699
41,2040-10-20,289.77557
42,2040-10-27,289.04507
43,2040-11-03,281.43564
44,2040-11-10,277.96545
45,2040-11-17,283.71024
46,2040-11-24,282.51645
47,2040-12-01,280.6043
48,2040-12-08,283.27774
49,2040-12-15,281.97833
50,2040-12-22,277.94073
51,2040-12-29,279.0023
52,2041-01-07,281.70062
53,2041-01-14,278.7737
54,2041-01-21,281.3838
55,2041-01-28,280.70584
56,2041-02-04,279.97464
57,2041-02-11,281.0025
58,2041-02-18,282.92276
59,2041-02-25,283.07864
60,2041-03-04,283.65256
61,2041-03-11,282.79684
62,2041-03-18,284.4339
63,2041-03-25,286.78412
64,2041-04-01,288.81607
65,2041-04-08,286.05298
66,2041-04-15,287.76678
67,2041-04-22,287.72076
68,2041-04-29,288.3653
69,2041-05-06,288.6976
70,2041-05-13,293.3032
71,2041-05-20,292.22134
72,2041-05-27,292.57013
73,2041-06-03,293.66513
74,2041-06-10,294.96045
75,2041-06-17,302.62958
76,2041-06-24,299.57755
77,2041-07-01,296.8269
78,2041-07-08,299.47086
79,2041-07-15,300.97696
80,2041-07-22,296.66165
81,2041-07-29,296.55545
82,2041-08-05,302.13208
83,2041-08-12,303.55072
84,2041-08-19,298.23492
85,2041-08-26,296.45746
86,2041-09-02,297.55963
87,2041-09-09,295.59476
88,2041-09-16,294.11026
89,2041-09-23,291.98013
90,2041-09-30,290.07706
91,2041-10-07,290.03476
92,2041-10-14,289.019
93,2041-10-21,289.00482
94,2041-10-28,287.98746
95,2041-11-04,288.7216
96,2041-11-11,284.4876
97,2041-11-18,282.4338
98,2041-11-25,281.36136
99,2041-12-02,279.983
100,2041-12-09,281.79895
101,2041-12-16,281.69043
102,2041-12-23,278.58197
103,2041-12-30,280.1673
104,2042-01-07,280.22556
105,2042-01-14,276.72128
106,2042-01-21,280.4652
107,2042-01-28,281.9354
108,2042-02-04,278.9244
109,2042-02-11,281.95184
110,2042-02-18,282.90707
111,2042-02-25,281.08456
112,2042-03-04,282.30664
113,2042-03-11,286.18674
114,2042-03-18,284.9754
115,2042-03-25,284.4185
116,2042-04-01,282.95297
117,2042-04-08,286.49982
118,2042-04-15,288.2177
119,2042-04-22,289.16953
120,2042-04-29,287.211
121,2042-05-06,289.069
122,2042-05-13,292.24243
123,2042-05-20,298.33398
124,2042-05-27,295.72287
125,2042-06-03,296.5135
126,2042-06-10,293.23773
127,2042-06-17,295.62997
128,2042-06-24,294.15063
129,2042-07-01,297.8279
130,2042-07-08,299.75424
131,2042-07-15,302.76294
132,2042-07-22,303.19028
133,2042-07-29,305.66904
134,2042-08-05,304.0996
135,2042-08-12,303.40097
136,2042-08-19,302.55096
137,2042-08-26,298.98773
138,2042-09-02,302.22098
139,2042-09-09,299.38443
140,2042-09-16,298.02887
141,2042-09-23,296.357
142,2042-09-30,296.938
143,2042-10-07,294.6539
144,2042-10-14,293.2487
145,2042-10-21,290.8538
146,2042-10-28,289.33377
147,2042-11-04,287.59137
148,2042-11-11,287.45886
149,2042-11-18,286.9008
150,2042-11-25,283.27188
151,2042-12-02,282.52042
152,2042-12-09,281.876
153,2042-12-16,281.75616
154,2042-12-23,280.6839
155,2042-12-30,281.91046
156,2043-01-07,281.6235
157,2043-01-14,276.82245
158,2043-01-21,278.92413
159,2043-01-28,281.16003
160,2043-02-04,282.7397
161,2043-02-11,284.9667
162,2043-02-18,279.88834
163,2043-02-25,283.28778
164,2043-03-04,284.78537
165,2043-03-11,283.14432
166,2043-03-18,280.99042
167,2043-03-25,283.71024
168,2043-04-01,287.80814
169,2043-04-08,287.6381
170,2043-04-15,289.1067
171,2043-04-22,289.01584
172,2043-04-29,289.97754
173,2043-05-06,290.71133
174,2043-05-13,289.05527
175,2043-05-20,293.59747
176,2043-05-27,298.71002
177,2043-06-03,296.95847
178,2043-06-10,296.0705
179,2043-06-17,299.6113
180,2043-06-24,294.8821
181,2043-07-01,295.55148
182,2043-07-08,301.14795
183,2043-07-15,300.27737
184,2043-07-22,298.67944
185,2043-07-29,296.81686
186,2043-08-05,300.31345
187,2043-08-12,302.9802
188,2043-08-19,303.10034
189,2043-08-26,304.403
190,2043-09-02,306.2812
191,2043-09-09,298.61475
192,2043-09-16,300.53934
193,2043-09-23,299.3686
194,2043-09-30,294.35156
195,2043-10-07,293.9629
196,2043-10-14,294.69962
197,2043-10-21,289.6249
198,2043-10-28,286.981
199,2043-11-04,285.684
200,2043-11-11,287.84015
201,2043-11-18,286.6048
202,2043-11-25,281.2151
203,2043-12-02,280.54962
204,2043-12-09,280.39178
205,2043-12-16,280.13205
206,2043-12-23,277.29938
207,2043-12-30,277.66898
208,2044-01-07,278.08145
209,2044-01-14,280.45517
210,2044-01-21,279.11066
211,2044-01-28,275.01254
212,2044-02-04,273.9343
213,2044-02-11,277.7446
214,2044-02-18,281.37158
215,2044-02-25,281.93457
216,2044-03-03,282.09872
217,2044-03-10,283.74173
218,2044-03-17,282.71048
219,2044-03-24,285.23654
220,2044-03-31,284.96024
221,2044-04-07,288.2789
222,2044-04-14,288.07764
223,2044-04-21,289.5561
224,2044-04-28,290.90732
225,2044-05-05,294.53656
226,2044-05-12,294.8506
227,2044-05-19,292.99338
228,2044-05-26,294.58908
229,2044-06-02,295.49197
230,2044-06-09,292.30917
231,2044-06-16,298.59085
232,2044-06-23,297.03232
233,2044-06-30,299.13104
234,2044-07-07,301.4865
235,2044-07-14,301.6206
236,2044-07-21,303.53876
237,2044-07-28,302.476
238,2044-08-04,300.80154
239,2044-08-11,303.52533
240,2044-08-18,305.34442
241,2044-08-25,305.8743
242,2044-09-01,304.95996
243,2044-09-08,302.2164
244,2044-09-15,300.28058
245,2044-09-22,295.11642
246,2044-09-29,293.42487
247,2044-10-06,290.59857
248,2044-10-13,288.31595
249,2044-10-20,288.21518
250,2044-10-27,288.88364
251,2044-11-03,288.7763
252,2044-11-10,287.75262
253,2044-11-17,282.61307
254,2044-11-24,278.29486
255,2044-12-01,281.3904
256,2044-12-08,280.49857
257,2044-12-15,275.46143
258,2044-12-22,276.48438
259,2044-12-29,275.5776
260,2045-01-07,278.86627
261,2045-01-14,274.23804
262,2045-01-21,274.7288
263,2045-01-28,276.1034
264,2045-02-04,278.3133
265,2045-02-11,281.57156
266,2045-02-18,280.4861
267,2045-02-25,283.95547
268,2045-03-04,285.20538
269,2045-03-11,281.53088
270,2045-03-18,280.67487
271,2045-03-25,285.73145
272,2045-04-01,290.2885
273,2045-04-08,287.75247
274,2045-04-15,287.40936
275,2045-04-22,290.01605
276,2045-04-29,293.897
277,2045-05-06,296.54843
278,2045-05-13,296.4357
279,2045-05-20,292.32626
280,2045-05-27,295.20135
281,2045-06-03,298.28244
282,2045-06-10,300.42276
283,2045-06-17,300.99432
284,2045-06-24,298.02393
285,2045-07-01,301.73758
286,2045-07-08,300.5415
287,2045-07-15,303.04614
288,2045-07-22,304.351
289,2045-07-29,304.93317
290,2045-08-05,301.39188
291,2045-08-12,305.30978
292,2045-08-19,308.61575
293,2045-08-26,304.51932
294,2045-09-02,303.30374
295,2045-09-09,301.87607
296,2045-09-16,295.9754
297,2045-09-23,294.00165
298,2045-09-30,296.90942
299,2045-10-07,296.55154
300,2045-10-14,290.40887
301,2045-10-21,290.52277
302,2045-10-28,288.38736
303,2045-11-04,287.53882
304,2045-11-11,284.37616
305,2045-11-18,283.14206
306,2045-11-25,277.45825
307,2045-12-02,280.41013
308,2045-12-09,280.10062
309,2045-12-16,277.48956
310,2045-12-23,281.53207
311,2045-12-30,280.84137
312,2046-01-07,281.56332
313,2046-01-14,275.18533
314,2046-01-21,274.7536
315,2046-01-28,276.08563
316,2046-02-04,278.88254
317,2046-02-11,279.40826
318,2046-02-18,280.39005
319,2046-02-25,280.97903
320,2046-03-04,282.2063
321,2046-03-11,284.08658
322,2046-03-18,282.07355
323,2046-03-25,283.2033
324,2046-04-01,289.53964
325,2046-04-08,290.9697
326,2046-04-15,287.87094
327,2046-04-22,286.926
328,2046-04-29,291.0978
329,2046-05-06,289.37048
330,2046-05-13,293.36212
331,2046-05-20,291.4686
332,2046-05-27,298.51
333,2046-06-03,297.34866
334,2046-06-10,294.0424
335,2046-06-17,295.5288
336,2046-06-24,298.77936
337,2046-07-01,296.37387
338,2046-07-08,298.39664
339,2046-07-15,299.53433
340,2046-07-22,299.00674
341,2046-07-29,305.6162
342,2046-08-05,306.49155
343,2046-08-12,308.39536
344,2046-08-19,303.6418
345,2046-08-26,302.27957
346,2046-09-02,301.04144
347,2046-09-09,297.4751
348,2046-09-16,300.6325
349,2046-09-23,300.23755
350,2046-09-30,295.58194
351,2046-10-07,292.86182
352,2046-10-14,293.0268
353,2046-10-21,289.15884
354,2046-10-28,286.7182
355,2046-11-04,288.39163
356,2046-11-11,288.2111
357,2046-11-18,283.85696
358,2046-11-25,284.4813
359,2046-12-02,283.04675
360,2046-12-09,280.60126
361,2046-12-16,279.88046
362,2046-12-23,282.52557
363,2046-12-30,278.10822
364,2047-01-07,278.93106
365,2047-01-14,281.32358
366,2047-01-21,277.7232
367,2047-01-28,278.268
368,2047-02-04,277.62943
369,2047-02-11,276.87448
370,2047-02-18,275.41867
371,2047-02-25,282.39005
372,2047-03-04,285.05508
373,2047-03-11,282.4488
374,2047-03-18,285.52612
375,2047-03-25,284.30606
376,2047-04-01,285.52896
377,2047-04-08,286.957
378,2047-04-15,290.3791
379,2047-04-22,288.56525
380,2047-04-29,290.309
381,2047-05-06,290.61285
382,2047-05-13,291.33002
383,2047-05-20,296.16602
384,2047-05-27,299.29935
385,2047-06-03,290.32544
386,2047-06-10,292.3876
387,2047-06-17,295.326
388,2047-06-24,297.99603
389,2047-07-01,296.6904
390,2047-07-08,296.6033
391,2047-07-15,302.92728
392,2047-07-22,304.9602
393,2047-07-29,306.7895
394,2047-08-05,303.04977
395,2047-08-12,303.44638
396,2047-08-19,304.89474
397,2047-08-26,305.8506
398,2047-09-02,300.83154
399,2047-09-09,297.3891
400,2047-09-16,298.9766
401,2047-09-23,299.20926
402,2047-09-30,295.258
403,2047-10-07,292.91977
404,2047-10-14,289.89966
405,2047-10-21,289.11993
406,2047-10-28,289.75485
407,2047-11-04,287.60184
408,2047-11-11,286.69278
409,2047-11-18,286.0446
410,2047-11-25,283.30612
411,2047-12-02,281.14963
412,2047-12-09,282.12692
413,2047-12-16,280.11652
414,2047-12-23,279.48795
415,2047-12-30,278.31668
416,2048-01-07,275.23264
417,2048-01-14,277.8047
418,2048-01-21,278.13763
419,2048-01-28,281.6039
420,2048-02-04,279.93466
421,2048-02-11,279.31564
422,2048-02-18,281.98056
423,2048-02-25,284.80414
424,2048-03-03,283.69278
425,2048-03-10,283.89157
426,2048-03-17,283.27405
427,2048-03-24,286.16074
428,2048-03-31,282.9505
429,2048-04-07,283.09995
430,2048-04-14,288.58844
431,2048-04-21,288.05222
432,2048-04-28,289.4002
433,2048-05-05,290.6062
434,2048-05-12,294.9348
435,2048-05-19,295.57346
436,2048-05-26,295.44876
437,2048-06-02,295.1967
438,2048-06-09,300.68924
439,2048-06-16,300.33707
440,2048-06-23,299.35596
441,2048-06-30,295.13428
442,2048-07-07,300.2168
443,2048-07-14,300.50974
444,2048-07-21,301.33466
445,2048-07-28,300.96646
446,2048-08-04,301.21622
447,2048-08-11,305.14325
448,2048-08-18,304.62164
449,2048-08-25,303.46893
450,2048-09-01,298.12225
451,2048-09-08,295.49435
452,2048-09-15,296.9008
453,2048-09-22,296.1417
454,2048-09-29,293.29443
455,2048-10-06,294.2521
456,2048-10-13,291.40448
457,2048-10-20,288.32013
458,2048-10-27,290.74478
459,2048-11-03,288.89526
460,2048-11-10,286.56927
461,2048-11-17,286.6926
462,2048-11-24,285.34528
463,2048-12-01,280.86554
464,2048-12-08,276.04837
465,2048-12-15,275.9164
466,2048-12-22,276.35742
467,2048-12-29,276.5789
468,2049-01-07,278.7263
469,2049-01-14,277.69046
470,2049-01-21,275.1716
471,2049-01-28,274.94064
472,2049-02-04,276.43484
473,2049-02-11,281.6336
474,2049-02-18,283.0422
475,2049-02-25,280.62274
476,2049-03-04,282.64484
477,2049-03-11,283.18295
478,2049-03-18,285.89908
479,2049-03-25,287.2232
480,2049-04-01,289.63297
481,2049-04-08,286.277
482,2049-04-15,290.60568
483,2049-04-22,296.1826
484,2049-04-29,294.59012
485,2049-05-06,294.82172
486,2049-05-13,291.39764
487,2049-05-20,295.54028
488,2049-05-27,296.58783
489,2049-06-03,298.71573
490,2049-06-10,296.58746
491,2049-06-17,300.0923
492,2049-06-24,299.8105
493,2049-07-01,298.5395
494,2049-07-08,298.09668
495,2049-07-15,296.09402
496,2049-07-22,298.15744
497,2049-07-29,305.70554
498,2049-08-05,306.23746
499,2049-08-12,306.35696
500,2049-08-19,303.73016
501,2049-08-26,303.34222
502,2049-09-02,301.14703
503,2049-09-09,300.30426
504,2049-09-16,297.01422
505,2049-09-23,296.31052
506,2049-09-30,296.4586
507,2049-10-07,293.11313
508,2049-10-14,290.75726
509,2049-10-21,290.14133
510,2049-10-28,289.81488
511,2049-11-04,285.72357
512,2049-11-11,284.41287
513,2049-11-18,282.70355
514,2049-11-25,283.85223
515,2049-12-02,282.4965
516,2049-12-09,283.49982
517,2049-12-16,280.84116
518,2049-12-23,279.5764
519,2049-12-30,277.84088
0,2050-01-07,278.27905
1,2050-01-14,279.4578
2,2050-01-21,280.92102
3,2050-01-28,280.20615
4,2050-02-04,280.6251
5,2050-02-11,280.1087
6,2050-02-18,281.79242
7,2050-02-25,279.8856
8,2050-03-04,279.99936
9,2050-03-11,282.35794
10,2050-03-18,281.56866
11,2050-03-25,286.3748
12,2050-04-01,287.37625
13,2050-04-08,284.26102
14,2050-04-15,287.99442
15,2050-04-22,289.84744
16,2050-04-29,292.73215
17,2050-05-06,291.3151
18,2050-05-13,293.52963
19,2050-05-20,298.44357
20,2050-05-27,296.15985
21,2050-06-03,293.34903
22,2050-06-10,292.608
23,2050-06-17,293.39554
24,2050-06-24,294.56662
25,2050-07-01,294.58157
26,2050-07-08,298.10373
27,2050-07-15,298.52243
28,2050-07-22,300.08627
29,2050-07-29,298.65143
30,2050-08-05,301.53195
31,2050-08-12,303.05606
32,2050-08-19,301.47363
33,2050-08-26,298.78683
34,2050-09-02,303.48306
35,2050-09-09,301.98856
36,2050-09-16,302.13968
37,2050-09-23,300.39346
38,2050-09-30,294.00406
39,2050-10-07,292.07495
40,2050-10-14,291.70258
41,2050-10-21,287.79022
42,2050-10-28,287.68942
43,2050-11-04,288.3158
44,2050-11-11,286.0927
45,2050-11-18,286.27408
46,2050-11-25,284.5939
47,2050-12-02,281.04184
48,2050-12-09,279.30865
49,2050-12-16,277.90387
50,2050-12-23,280.21365
51,2050-12-30,282.3358
52,2051-01-07,280.03052
53,2051-01-14,276.84796
54,2051-01-21,276.49277
55,2051-01-28,276.5098
56,2051-02-04,278.87387
57,2051-02-11,281.49472
58,2051-02-18,
59,2051-02-25,
60,2051-03-04,
61,2051-03-11,
62,2051-03-18,
63,2051-03-25,
64,2051-04-01,
65,2051-04-08,
66,2051-04-15,
67,2051-04-22,
68,2051-04-29,
69,2051-05-06,
70,2051-05-13,
71,2051-05-20,
72,2051-05-27,
73,2051-06-03,
74,2051-06-10,
75,2051-06-17,
76,2051-06-24,
77,2051-07-01,
78,2051-07-08,
79,2051-07-15,
80,2051-07-22,
81,2051-07-29,
82,2051-08-05,
83,2051-08-12,
84,2051-08-19,
85,2051-08-26,
86,2051-09-02,
87,2051-09-09,300.2609
88,2051-09-16,302.55365
89,2051-09-23,300.93448
90,2051-09-30,297.75613
91,2051-10-07,294.7927
92,2051-10-14,293.75064
93,2051-10-21,291.95572
94,2051-10-28,290.6022
95,2051-11-04,288.9594
96,2051-11-11,285.1041
97,2051-11-18,286.38632
98,2051-11-25,286.53226
99,2051-12-02,284.7529
100,2051-12-09,282.85907
101,2051-12-16,281.9218
102,2051-12-23,277.63586
103,2051-12-30,275.3089
104,2052-01-07,277.77295
105,2052-01-14,280.61105
106,2052-01-21,279.9959
107,2052-01-28,274.58475
108,2052-02-04,274.31616
109,2052-02-11,279.60547
110,2052-02-18,282.5709
111,2052-02-25,281.9588
112,2052-03-03,285.4568
113,2052-03-10,285.89185
114,2052-03-17,285.59998
115,2052-03-24,285.46045
116,2052-03-31,290.1497
117,2052-04-07,292.44708
118,2052-04-14,297.13205
119,2052-04-21,293.51187
120,2052-04-28,289.34402
121,2052-05-05,295.5693
122,2052-05-12,297.39493
123,2052-05-19,298.51437
124,2052-05-26,299.60992
125,2052-06-02,297.542
126,2052-06-09,298.80508
127,2052-06-16,298.16568
128,2052-06-23,297.65826
129,2052-06-30,298.25128
130,2052-07-07,302.80133
131,2052-07-14,303.4415
132,2052-07-21,298.40427
133,2052-07-28,299.5001
134,2052-08-04,301.459
135,2052-08-11,303.49414
136,2052-08-18,305.28494
137,2052-08-25,306.1656
138,2052-09-01,301.45975
139,2052-09-08,297.6621
140,2052-09-15,296.19376
141,2052-09-22,295.62833
142,2052-09-29,292.98413
143,2052-10-06,294.2099
144,2052-10-13,292.02036
145,2052-10-20,293.40387
146,2052-10-27,288.472
147,2052-11-03,286.08707
148,2052-11-10,285.58224
149,2052-11-17,285.2591
150,2052-11-24,283.24396
151,2052-12-01,280.27606
152,2052-12-08,279.8803
153,2052-12-15,276.31607
154,2052-12-22,277.68335
155,2052-12-29,279.28867
156,2053-01-07,279.12698
157,2053-01-14,278.16718
158,2053-01-21,280.24136
159,2053-01-28,282.2186
160,2053-02-04,282.06412
161,2053-02-11,283.94785
162,2053-02-18,283.92648
163,2053-02-25,283.78726
164,2053-03-04,284.38385
165,2053-03-11,284.6106
166,2053-03-18,284.76752
167,2053-03-25,286.18896
168,2053-04-01,286.31555
169,2053-04-08,288.5858
170,2053-04-15,289.8325
171,2053-04-22,291.63983
172,2053-04-29,289.39374
173,2053-05-06,293.39032
174,2053-05-13,297.50174
175,2053-05-20,299.32736
176,2053-05-27,301.08252
177,2053-06-03,299.7205
178,2053-06-10,299.97098
179,2053-06-17,298.39267
180,2053-06-24,296.27597
181,2053-07-01,298.51508
182,2053-07-08,297.18085
183,2053-07-15,296.98166
184,2053-07-22,303.41937
185,2053-07-29,303.32977
186,2053-08-05,308.2149
187,2053-08-12,304.0751
188,2053-08-19,302.4827
189,2053-08-26,299.90082
190,2053-09-02,296.19107
191,2053-09-09,298.9935
192,2053-09-16,300.35492
193,2053-09-23,301.1721
194,2053-09-30,301.2842
195,2053-10-07,296.62363
196,2053-10-14,290.83237
197,2053-10-21,291.25192
198,2053-10-28,292.3886
199,2053-11-04,286.91403
200,2053-11-11,285.72617
201,2053-11-18,287.01468
202,2053-11-25,286.93716
203,2053-12-02,283.8747
204,2053-12-09,282.88205
205,2053-12-16,280.88385
206,2053-12-23,277.0251
207,2053-12-30,279.24936
208,2054-01-07,280.1906
209,2054-01-14,280.97134
210,2054-01-21,282.08163
211,2054-01-28,281.8161
212,2054-02-04,283.32037
213,2054-02-11,282.79822
214,2054-02-18,281.89694
215,2054-02-25,280.55014
216,2054-03-04,282.54938
217,2054-03-11,282.76883
218,2054-03-18,282.14948
219,2054-03-25,286.63177
220,2054-04-01,290.2428
221,2054-04-08,290.71463
222,2054-04-15,291.56894
223,2054-04-22,293.6555
224,2054-04-29,297.42532
225,2054-05-06,300.79123
226,2054-05-13,296.94733
227,2054-05-20,293.60208
228,2054-05-27,296.22797
229,2054-06-03,293.7098
230,2054-06-10,293.22763
231,2054-06-17,295.42072
232,2054-06-24,296.71246
233,2054-07-01,295.32657
234,2054-07-08,300.6712
235,2054-07-15,299.101
236,2054-07-22,303.8361
237,2054-07-29,307.01562
238,2054-08-05,306.00513
239,2054-08-12,306.47153
240,2054-08-19,307.95752
241,2054-08-26,305.21454
242,2054-09-02,303.68195
243,2054-09-09,302.3959
244,2054-09-16,299.91644
245,2054-09-23,296.60907
246,2054-09-30,295.48996
247,2054-10-07,294.87595
248,2054-10-14,293.55573
249,2054-10-21,292.6979
250,2054-10-28,288.45898
251,2054-11-04,288.9975
252,2054-11-11,283.10513
253,2054-11-18,282.93707
254,2054-11-25,282.2429
255,2054-12-02,280.00583
256,2054-12-09,279.1177
257,2054-12-16,278.34543
258,2054-12-23,281.98914
259,2054-12-30,281.60748
260,2055-01-07,277.84357
261,2055-01-14,278.8096
262,2055-01-21,277.0606
263,2055-01-28,277.9521
264,2055-02-04,276.51697
265,2055-02-11,278.26974
266,2055-02-18,281.71292
267,2055-02-25,284.8249
268,2055-03-04,286.29007
269,2055-03-11,284.51852
270,2055-03-18,285.31766
271,2055-03-25,284.5628
272,2055-04-01,285.26074
273,2055-04-08,282.48087
274,2055-04-15,288.67722
275,2055-04-22,291.44647
276,2055-04-29,293.74023
277,2055-05-06,294.20392
278,2055-05-13,296.0358
279,2055-05-20,300.74316
280,2055-05-27,299.23618
281,2055-06-03,295.8978
282,2055-06-10,295.4693
283,2055-06-17,298.85922
284,2055-06-24,297.13956
285,2055-07-01,299.46344
286,2055-07-08,295.8583
287,2055-07-15,300.0303
288,2055-07-22,306.319
289,2055-07-29,302.02222
290,2055-08-05,299.26556
291,2055-08-12,307.4438
292,2055-08-19,310.53784
293,2055-08-26,306.2364
294,2055-09-02,304.4434
295,2055-09-09,302.64407
296,2055-09-16,300.56738
297,2055-09-23,300.30402
298,2055-09-30,300.07993
299,2055-10-07,294.98682
300,2055-10-14,291.33478
301,2055-10-21,289.92245
302,2055-10-28,292.93137
303,2055-11-04,285.115
304,2055-11-11,287.6401
305,2055-11-18,286.65155
306,2055-11-25,285.68787
307,2055-12-02,283.358
308,2055-12-09,281.5936
309,2055-12-16,281.74637
310,2055-12-23,279.81622
311,2055-12-30,275.33163
312,2056-01-07,275.83722
313,2056-01-14,275.95615
314,2056-01-21,277.74716
315,2056-01-28,280.12897
316,2056-02-04,277.23798
317,2056-02-11,282.3613
318,2056-02-18,283.65387
319,2056-02-25,280.04895
320,2056-03-03,277.81937
321,2056-03-10,281.9803
322,2056-03-17,283.95663
323,2056-03-24,287.00162
324,2056-03-31,287.03903
325,2056-04-07,289.29346
326,2056-04-14,292.2421
327,2056-04-21,292.46716
328,2056-04-28,291.8694
329,2056-05-05,295.11346
330,2056-05-12,296.41235
331,2056-05-19,298.46362
332,2056-05-26,302.66043
333,2056-06-02,300.0029
334,2056-06-09,300.94308
335,2056-06-16,298.85477
336,2056-06-23,298.37543
337,2056-06-30,297.37057
338,2056-07-07,298.81534
339,2056-07-14,304.10248
340,2056-07-21,305.58096
341,2056-07-28,303.42242
342,2056-08-04,303.85165
343,2056-08-11,306.08542
344,2056-08-18,306.86014
345,2056-08-25,306.83295
346,2056-09-01,306.54483
347,2056-09-08,304.36514
348,2056-09-15,300.38193
349,2056-09-22,298.6766
350,2056-09-29,297.53555
351,2056-10-06,298.90643
352,2056-10-13,296.51602
353,2056-10-20,289.18433
354,2056-10-27,286.96353
355,2056-11-03,288.37686
356,2056-11-10,288.73386
357,2056-11-17,285.09222
358,2056-11-24,287.4857
359,2056-12-01,282.93915
360,2056-12-08,282.67422
361,2056-12-15,281.51688
362,2056-12-22,277.85327
363,2056-12-29,275.60834
364,2057-01-07,276.6447
365,2057-01-14,277.149
366,2057-01-21,274.45477
367,2057-01-28,278.22165
368,2057-02-04,277.67972
369,2057-02-11,274.92365
370,2057-02-18,277.82135
371,2057-02-25,281.52298
372,2057-03-04,282.67728
373,2057-03-11,285.85785
374,2057-03-18,287.64084
375,2057-03-25,286.99527
376,2057-04-01,287.91727
377,2057-04-08,287.21848
378,2057-04-15,294.4678
379,2057-04-22,296.64767
380,2057-04-29,295.45267
381,2057-05-06,295.34433
382,2057-05-13,293.52606
383,2057-05-20,295.2654
384,2057-05-27,294.83984
385,2057-06-03,295.9224
386,2057-06-10,300.2563
387,2057-06-17,306.1968
388,2057-06-24,304.02582
389,2057-07-01,300.13846
390,2057-07-08,304.5594
391,2057-07-15,305.61053
392,2057-07-22,308.7364
393,2057-07-29,310.95612
394,2057-08-05,308.5051
395,2057-08-12,306.27515
396,2057-08-19,306.39157
397,2057-08-26,302.78955
398,2057-09-02,302.14536
399,2057-09-09,303.01938
400,2057-09-16,299.7104
401,2057-09-23,298.26324
402,2057-09-30,297.00836
403,2057-10-07,295.52252
404,2057-10-14,293.56076
405,2057-10-21,285.98892
406,2057-10-28,287.91373
407,2057-11-04,287.85938
408,2057-11-11,286.2093
409,2057-11-18,285.15836
410,2057-11-25,282.4336
411,2057-12-02,282.65298
412,2057-12-09,283.31665
413,2057-12-16,281.33908
414,2057-12-23,281.6193
415,2057-12-30,278.499
416,2058-01-07,279.58157
417,2058-01-14,278.76797
418,2058-01-21,275.05646
419,2058-01-28,274.18414
420,2058-02-04,275.39398
421,2058-02-11,275.49823
422,2058-02-18,281.64435
423,2058-02-25,282.36316
424,2058-03-04,285.78314
425,2058-03-11,284.8143
426,2058-03-18,285.85727
427,2058-03-25,288.08542
428,2058-04-01,284.43716
429,2058-04-08,290.074
430,2058-04-15,289.16364
431,2058-04-22,287.3173
432,2058-04-29,291.3955
433,2058-05-06,293.46353
434,2058-05-13,295.83896
435,2058-05-20,295.9331
436,2058-05-27,295.7499
437,2058-06-03,292.10287
438,2058-06-10,298.7593
439,2058-06-17,300.09845
440,2058-06-24,301.30347
441,2058-07-01,299.64804
442,2058-07-08,297.0244
443,2058-07-15,296.36893
444,2058-07-22,297.46616
445,2058-07-29,297.2005
446,2058-08-05,302.2351
447,2058-08-12,303.52615
448,2058-08-19,303.67258
449,2058-08-26,301.19778
450,2058-09-02,303.06296
451,2058-09-09,304.2275
452,2058-09-16,297.87018
453,2058-09-23,293.10922
454,2058-09-30,294.39398
455,2058-10-07,298.3525
456,2058-10-14,291.6335
457,2058-10-21,291.5358
458,2058-10-28,287.72345
459,2058-11-04,288.51486
460,2058-11-11,286.16296
461,2058-11-18,285.606
462,2058-11-25,285.31488
463,2058-12-02,280.01367
464,2058-12-09,281.24072
465,2058-12-16,283.241
466,2058-12-23,281.22433
467,2058-12-30,283.1978
468,2059-01-07,281.6627
469,2059-01-14,283.66803
470,2059-01-21,285.24615
471,2059-01-28,285.47293
472,2059-02-04,285.42368
473,2059-02-11,285.68817
474,2059-02-18,286.47525
475,2059-02-25,286.4408
476,2059-03-04,286.41803
477,2059-03-11,287.66608
478,2059-03-18,287.89545
479,2059-03-25,286.32574
480,2059-04-01,285.6033
481,2059-04-08,288.18542
482,2059-04-15,289.74658
483,2059-04-22,289.86322
484,2059-04-29,293.02338
485,2059-05-06,294.23465
486,2059-05-13,293.32056
487,2059-05-20,294.13983
488,2059-05-27,294.56305
489,2059-06-03,295.77982
490,2059-06-10,299.56955
491,2059-06-17,302.33603
492,2059-06-24,303.4785
493,2059-07-01,302.8557
494,2059-07-08,301.88287
495,2059-07-15,303.10663
496,2059-07-22,302.62082
497,2059-07-29,305.2601
498,2059-08-05,307.87646
499,2059-08-12,305.19968
500,2059-08-19,306.4516
501,2059-08-26,306.98392
502,2059-09-02,302.007
503,2059-09-09,302.20856
504,2059-09-16,299.7453
505,2059-09-23,299.09775
506,2059-09-30,298.74408
507,2059-10-07,297.72
508,2059-10-14,295.65332
509,2059-10-21,293.30914
510,2059-10-28,285.13336
511,2059-11-04,279.9655
512,2059-11-11,285.715
513,2059-11-18,287.24347
514,2059-11-25,283.07126
515,2059-12-02,279.20172
516,2059-12-09,278.4484
517,2059-12-16,280.22372
518,2059-12-23,279.50662
519,2059-12-30,281.57626
0,2060-01-07,281.12152
1,2060-01-14,276.57172
2,2060-01-21,277.11526
3,2060-01-28,280.1586
4,2060-02-04,281.2487
5,2060-02-11,284.06802
6,2060-02-18,285.10663
7,2060-02-25,283.84143
8,2060-03-03,283.01093
9,2060-03-10,285.1932
10,2060-03-17,285.74564
11,2060-03-24,283.43475
12,2060-03-31,282.1062
13,2060-04-07,289.12665
14,2060-04-14,290.26376
15,2060-04-21,291.35748
16,2060-04-28,295.61942
17,2060-05-05,294.54303
18,2060-05-12,296.39178
19,2060-05-19,295.10406
20,2060-05-26,291.0856
21,2060-06-02,296.9407
22,2060-06-09,298.0012
23,2060-06-16,296.83212
24,2060-06-23,299.80246
25,2060-06-30,302.35562
26,2060-07-07,304.55905
27,2060-07-14,304.48636
28,2060-07-21,307.211
29,2060-07-28,300.04056
30,2060-08-04,299.2835
31,2060-08-11,301.67706
32,2060-08-18,304.51862
33,2060-08-25,302.93414
34,2060-09-01,299.30865
35,2060-09-08,301.05875
36,2060-09-15,297.8852
37,2060-09-22,295.3458
38,2060-09-29,294.5996
39,2060-10-06,294.0519
40,2060-10-13,291.23495
41,2060-10-20,291.10983
42,2060-10-27,290.0445
43,2060-11-03,289.1711
44,2060-11-10,286.29315
45,2060-11-17,285.43787
46,2060-11-24,282.27002
47,2060-12-01,284.90506
48,2060-12-08,282.48825
49,2060-12-15,278.00836
50,2060-12-22,278.49582
51,2060-12-29,279.73596
52,2061-01-07,276.16724
53,2061-01-14,278.45563
54,2061-01-21,277.31348
55,2061-01-28,276.1149
56,2061-02-04,279.77237
57,2061-02-11,282.13608
58,2061-02-18,280.84192
59,2061-02-25,283.34244
60,2061-03-04,283.9775
61,2061-03-11,283.8762
62,2061-03-18,284.34055
63,2061-03-25,284.6376
64,2061-04-01,287.90036
65,2061-04-08,288.03513
66,2061-04-15,286.93863
67,2061-04-22,290.01843
68,2061-04-29,293.6775
69,2061-05-06,293.95493
70,2061-05-13,292.62177
71,2061-05-20,290.82983
72,2061-05-27,293.55634
73,2061-06-03,295.85025
74,2061-06-10,296.85767
75,2061-06-17,296.83405
76,2061-06-24,295.72733
77,2061-07-01,292.45514
78,2061-07-08,295.57364
79,2061-07-15,295.88412
80,2061-07-22,296.22476
81,2061-07-29,298.21725
82,2061-08-05,299.17426
83,2061-08-12,300.5286
84,2061-08-19,299.55807
85,2061-08-26,299.01312
86,2061-09-02,300.46817
87,2061-09-09,296.0261
88,2061-09-16,295.65863
89,2061-09-23,294.14578
90,2061-09-30,293.5505
91,2061-10-07,292.5671
92,2061-10-14,291.51913
93,2061-10-21,290.8536
94,2061-10-28,286.55002
95,2061-11-04,286.54803
96,2061-11-11,286.61472
97,2061-11-18,286.61157
98,2061-11-25,284.04053
99,2061-12-02,284.15805
100,2061-12-09,280.56827
101,2061-12-16,275.8362
102,2061-12-23,281.47394
103,2061-12-30,280.5822
104,2062-01-07,278.19598
105,2062-01-14,280.2635
106,2062-01-21,279.7419
107,2062-01-28,280.85922
108,2062-02-04,277.98755
109,2062-02-11,277.77637
110,2062-02-18,277.94785
111,2062-02-25,281.47736
112,2062-03-04,283.8593
113,2062-03-11,283.48932
114,2062-03-18,286.5433
115,2062-03-25,286.75208
116,2062-04-01,287.84473
117,2062-04-08,284.69577
118,2062-04-15,288.23892
119,2062-04-22,289.192
120,2062-04-29,290.3942
121,2062-05-06,292.35532
122,2062-05-13,295.60153
123,2062-05-20,295.00897
124,2062-05-27,294.27243
125,2062-06-03,296.34576
126,2062-06-10,302.2897
127,2062-06-17,298.67178
128,2062-06-24,301.65045
129,2062-07-01,302.80988
130,2062-07-08,304.69998
131,2062-07-15,307.0676
132,2062-07-22,300.62842
133,2062-07-29,299.6757
134,2062-08-05,302.84543
135,2062-08-12,301.98715
136,2062-08-19,303.9153
137,2062-08-26,301.8772
138,2062-09-02,300.41455
139,2062-09-09,299.06128
140,2062-09-16,297.42807
141,2062-09-23,295.23233
142,2062-09-30,293.05002
143,2062-10-07,291.075
144,2062-10-14,290.74908
145,2062-10-21,290.22495
146,2062-10-28,290.78638
147,2062-11-04,289.733
148,2062-11-11,290.75296
149,2062-11-18,287.5436
150,2062-11-25,279.12625
151,2062-12-02,280.1787
152,2062-12-09,280.4372
153,2062-12-16,278.15512
154,2062-12-23,283.3904
155,2062-12-30,281.99985
156,2063-01-07,283.29868
157,2063-01-14,279.70663
158,2063-01-21,279.12738
159,2063-01-28,281.94168
160,2063-02-04,284.81146
161,2063-02-11,285.53677
162,2063-02-18,285.47284
163,2063-02-25,285.4742
164,2063-03-04,285.09238
165,2063-03-11,285.56747
166,2063-03-18,287.46533
167,2063-03-25,287.4389
168,2063-04-01,288.88345
169,2063-04-08,287.43295
170,2063-04-15,290.62192
171,2063-04-22,292.33
172,2063-04-29,290.34637
173,2063-05-06,291.45535
174,2063-05-13,295.36575
175,2063-05-20,294.0253
176,2063-05-27,295.92377
177,2063-06-03,295.77084
178,2063-06-10,293.89575
179,2063-06-17,298.43692
180,2063-06-24,294.97964
181,2063-07-01,300.49268
182,2063-07-08,301.08698
183,2063-07-15,302.17288
184,2063-07-22,298.85574
185,2063-07-29,301.51065
186,2063-08-05,301.10504
187,2063-08-12,301.6517
188,2063-08-19,303.3693
189,2063-08-26,302.2076
190,2063-09-02,297.74252
191,2063-09-09,299.01883
192,2063-09-16,299.75494
193,2063-09-23,298.74023
194,2063-09-30,295.65088
195,2063-10-07,292.7853
196,2063-10-14,292.75317
197,2063-10-21,294.9306
198,2063-10-28,291.60046
199,2063-11-04,286.21024
200,2063-11-11,288.0542
201,2063-11-18,285.84317
202,2063-11-25,284.85233
203,2063-12-02,283.67496
204,2063-12-09,282.9108
205,2063-12-16,282.05347
206,2063-12-23,280.2935
207,2063-12-30,279.43527
208,2064-01-07,282.16852
209,2064-01-14,280.13312
210,2064-01-21,279.14096
211,2064-01-28,280.23993
212,2064-02-04,281.4622
213,2064-02-11,283.6176
214,2064-02-18,282.58615
215,2064-02-25,282.80634
216,2064-03-03,282.17975
217,2064-03-10,282.47903
218,2064-03-17,286.35776
219,2064-03-24,286.86984
220,2064-03-31,287.54745
221,2064-04-07,289.841
222,2064-04-14,290.20642
223,2064-04-21,294.4075
224,2064-04-28,297.3796
225,2064-05-05,297.19757
226,2064-05-12,296.24683
227,2064-05-19,295.57812
228,2064-05-26,297.98267
229,2064-06-02,297.03696
230,2064-06-09,300.39835
231,2064-06-16,301.8265
232,2064-06-23,300.78366
233,2064-06-30,292.94858
234,2064-07-07,293.3069
235,2064-07-14,299.89886
236,2064-07-21,300.4451
237,2064-07-28,301.80695
238,2064-08-04,304.51318
239,2064-08-11,309.8383
240,2064-08-18,307.8708
241,2064-08-25,306.40576
242,2064-09-01,301.1119
243,2064-09-08,297.8704
244,2064-09-15,298.066
245,2064-09-22,298.3441
246,2064-09-29,299.5047
247,2064-10-06,300.36783
248,2064-10-13,295.78934
249,2064-10-20,291.63657
250,2064-10-27,290.9094
251,2064-11-03,288.70114
252,2064-11-10,288.29025
253,2064-11-17,287.66165
254,2064-11-24,287.49533
255,2064-12-01,284.8852
256,2064-12-08,281.59424
257,2064-12-15,277.57324
258,2064-12-22,278.38565
259,2064-12-29,274.45505
260,2065-01-07,278.00488
261,2065-01-14,280.26883
262,2065-01-21,279.55182
263,2065-01-28,278.9964
264,2065-02-04,276.85626
265,2065-02-11,280.39896
266,2065-02-18,282.48508
267,2065-02-25,285.6069
268,2065-03-04,283.4413
269,2065-03-11,283.78192
270,2065-03-18,283.95282
271,2065-03-25,288.31454
272,2065-04-01,288.96072
273,2065-04-08,289.06055
274,2065-04-15,291.16147
275,2065-04-22,290.2325
276,2065-04-29,292.25174
277,2065-05-06,293.8104
278,2065-05-13,294.13846
279,2065-05-20,303.10938
280,2065-05-27,305.5163
281,2065-06-03,305.45242
282,2065-06-10,305.56708
283,2065-06-17,303.06516
284,2065-06-24,298.10007
285,2065-07-01,297.65887
286,2065-07-08,300.7724
287,2065-07-15,303.89404
288,2065-07-22,300.49136
289,2065-07-29,300.3607
290,2065-08-05,305.081
291,2065-08-12,308.7592
292,2065-08-19,304.17453
293,2065-08-26,305.20187
294,2065-09-02,301.40494
295,2065-09-09,302.34042
296,2065-09-16,299.97635
297,2065-09-23,298.2266
298,2065-09-30,298.40817
299,2065-10-07,295.95523
300,2065-10-14,296.47574
301,2065-10-21,290.87247
302,2065-10-28,288.40442
303,2065-11-04,289.9868
304,2065-11-11,289.0362
305,2065-11-18,285.40628
306,2065-11-25,281.87823
307,2065-12-02,282.4068
308,2065-12-09,281.66428
309,2065-12-16,282.42126
310,2065-12-23,276.60028
311,2065-12-30,278.23486
312,2066-01-07,280.17886
313,2066-01-14,279.94598
314,2066-01-21,280.66342
315,2066-01-28,281.25952
316,2066-02-04,278.70184
317,2066-02-11,277.7496
318,2066-02-18,280.50974
319,2066-02-25,282.11533
320,2066-03-04,285.55502
321,2066-03-11,287.6025
322,2066-03-18,286.15762
323,2066-03-25,286.30734
324,2066-04-01,286.2358
325,2066-04-08,288.80676
326,2066-04-15,291.2811
327,2066-04-22,292.23026
328,2066-04-29,291.84625
329,2066-05-06,292.3469
330,2066-05-13,292.3213
331,2066-05-20,293.93536
332,2066-05-27,296.97897
333,2066-06-03,302.3151
334,2066-06-10,304.957
335,2066-06-17,305.64987
336,2066-06-24,304.53482
337,2066-07-01,299.45612
338,2066-07-08,299.9986
339,2066-07-15,301.98508
340,2066-07-22,297.9999
341,2066-07-29,300.3001
342,2066-08-05,301.44754
343,2066-08-12,305.14886
344,2066-08-19,306.54745
345,2066-08-26,302.6269
346,2066-09-02,300.3309
347,2066-09-09,300.33096
348,2066-09-16,300.31125
349,2066-09-23,301.0276
350,2066-09-30,300.94122
351,2066-10-07,295.1852
352,2066-10-14,295.02005
353,2066-10-21,291.24057
354,2066-10-28,287.04184
355,2066-11-04,291.46442
356,2066-11-11,290.4044
357,2066-11-18,284.22583
358,2066-11-25,280.0563
359,2066-12-02,281.74554
360,2066-12-09,281.67728
361,2066-12-16,282.12357
362,2066-12-23,282.1818
363,2066-12-30,280.9285
364,2067-01-07,279.29755
365,2067-01-14,281.3794
366,2067-01-21,283.91595
367,2067-01-28,281.31857
368,2067-02-04,284.4838
369,2067-02-11,285.11575
370,2067-02-18,283.60815
371,2067-02-25,282.6493
372,2067-03-04,284.3206
373,2067-03-11,285.7307
374,2067-03-18,288.19812
375,2067-03-25,287.6592
376,2067-04-01,286.40775
377,2067-04-08,291.7735
378,2067-04-15,291.5263
379,2067-04-22,290.0655
380,2067-04-29,290.53934
381,2067-05-06,292.97568
382,2067-05-13,291.52335
383,2067-05-20,294.9008
384,2067-05-27,298.25372
385,2067-06-03,300.03812
386,2067-06-10,301.11017
387,2067-06-17,298.13107
388,2067-06-24,295.5766
389,2067-07-01,298.43753
390,2067-07-08,297.42795
391,2067-07-15,298.95746
392,2067-07-22,302.601
393,2067-07-29,307.3134
394,2067-08-05,306.19254
395,2067-08-12,306.10205
396,2067-08-19,306.66064
397,2067-08-26,306.32965
398,2067-09-02,304.29373
399,2067-09-09,301.18857
400,2067-09-16,297.06757
401,2067-09-23,296.06104
402,2067-09-30,297.06567
403,2067-10-07,297.8735
404,2067-10-14,297.06683
405,2067-10-21,294.16586
406,2067-10-28,293.20065
407,2067-11-04,290.13947
408,2067-11-11,285.83096
409,2067-11-18,285.59476
410,2067-11-25,284.6741
411,2067-12-02,284.67343
412,2067-12-09,283.0953
413,2067-12-16,276.21652
414,2067-12-23,278.13104
415,2067-12-30,279.87308
416,2068-01-07,274.30588
417,2068-01-14,278.71948
418,2068-01-21,279.64655
419,2068-01-28,280.955
420,2068-02-04,281.4106
421,2068-02-11,283.23676
422,2068-02-18,282.70883
423,2068-02-25,282.17264
424,2068-03-03,281.88983
425,2068-03-10,284.12793
426,2068-03-17,285.18378
427,2068-03-24,287.99863
428,2068-03-31,288.53607
429,2068-04-07,288.13498
430,2068-04-14,291.76364
431,2068-04-21,292.2398
432,2068-04-28,288.07495
433,2068-05-05,288.85403
434,2068-05-12,290.78253
435,2068-05-19,295.13037
436,2068-05-26,294.89957
437,2068-06-02,294.93625
438,2068-06-09,296.1404
439,2068-06-16,298.32574
440,2068-06-23,301.59198
441,2068-06-30,304.01736
442,2068-07-07,306.9158
443,2068-07-14,301.2051
444,2068-07-21,303.13174
445,2068-07-28,300.93234
446,2068-08-04,298.39304
447,2068-08-11,300.85443
448,2068-08-18,302.83633
449,2068-08-25,301.41238
450,2068-09-01,301.6411
451,2068-09-08,296.2354
452,2068-09-15,296.37064
453,2068-09-22,297.23502
454,2068-09-29,295.79852
455,2068-10-06,290.7601
456,2068-10-13,290.6948
457,2068-10-20,288.20407
458,2068-10-27,286.93335
459,2068-11-03,290.40143
460,2068-11-10,282.0897
461,2068-11-17,282.6767
462,2068-11-24,286.52838
463,2068-12-01,287.1629
464,2068-12-08,286.1553
465,2068-12-15,286.05954
466,2068-12-22,282.95648
467,2068-12-29,284.36374
468,2069-01-07,283.76297
469,2069-01-14,284.30215
470,2069-01-21,282.8354
471,2069-01-28,282.3796
472,2069-02-04,280.41534
473,2069-02-11,284.7655
474,2069-02-18,281.89542
475,2069-02-25,285.52957
476,2069-03-04,286.88974
477,2069-03-11,286.59814
478,2069-03-18,287.6804
479,2069-03-25,289.0778
480,2069-04-01,289.8493
481,2069-04-08,289.76627
482,2069-04-15,287.30573
483,2069-04-22,290.96765
484,2069-04-29,291.1793
485,2069-05-06,292.99802
486,2069-05-13,292.7369
487,2069-05-20,295.4874
488,2069-05-27,294.18073
489,2069-06-03,296.37326
490,2069-06-10,296.99982
491,2069-06-17,300.03754
492,2069-06-24,296.19098
493,2069-07-01,301.094
494,2069-07-08,304.55447
495,2069-07-15,305.244
496,2069-07-22,304.46246
497,2069-07-29,301.9251
498,2069-08-05,303.9781
499,2069-08-12,305.16135
500,2069-08-19,306.64474
501,2069-08-26,304.79532
502,2069-09-02,303.46625
503,2069-09-09,297.11465
504,2069-09-16,298.4907
505,2069-09-23,297.6913
506,2069-09-30,294.8306
507,2069-10-07,290.3112
508,2069-10-14,292.50903
509,2069-10-21,292.90292
510,2069-10-28,291.38168
511,2069-11-04,291.56967
512,2069-11-11,288.6025
513,2069-11-18,285.17896
514,2069-11-25,285.601
515,2069-12-02,285.43268
516,2069-12-09,282.01706
517,2069-12-16,276.70398
518,2069-12-23,280.743
519,2069-12-30,279.85358
